"123053022",672.6096,0.226011290323
"123053024",1808.3982,0.607660685484
"123053025",48.336,0.0162419354839
"123053026",1286.646,0.216170362903
"123053027",760.3272,0.127743145161
"123053028",328.1892,0.0551393145161
"123053030",546.2526,0.0917763104839
"123053031",1120.5774,0.188269052419
"123053033",883.1106,0.148372076613
"123053034",1263.4326,0.212270262097
"123053035",501.2322,0.0842123991935
"123053036",103.689,0.034841733871
"123053038",153.5472,0.0515951612903
"123053040",5205.132,0.874518145161
"123053041",138.0456,0.0463862903226
"123053047",39.5469,0.013288608871
"123053048",2.7054,0.000909072580645
"123053049",210.8042,0.0708347446237
"123053050",2.535,0.000851814516129
"123053051",2.843,0.000955309139785
"123053055",402.9438,0.135397782258
"123053088",721.8858,0.242569153226
"123053089",522.5274,0.175580443548
"123053090",886.5258,0.297891733871
"123053091",434.181,0.145894153226
"123053092",523.7256,0.175983064516
"123053093",307.7298,0.103403830645
"123053094",461.5584,0.155093548387
"123053095",112.9836,0.0379649193548
"123053096",561.4176,0.188648387097
"123053097",506.6202,0.170235282258
"123053098",1430.0268,0.480519758065
"123053099",742.6836,0.24955766129
"123053100",937.569,0.315043346774
"123053101",526.7106,0.17698608871
"123053102",564.2742,0.189608266129
"123053103",652.5312,0.219264516129
"123053104",573.5346,0.192719959677
"123053105",528.0558,0.177438104839
"123053106",290.3838,0.0975752016129
"123053107",1022.7138,0.343653830645
"123053108",476.9076,0.160251209677
"123053109",103.5858,0.0348070564516
"123053110",1169.3826,0.392937701613
"123053111",549.0558,0.184494556452
"123053112",493.0968,0.165691129032
"123053113",447.8124,0.150474596774
"123053114",802.2864,0.269585483871
"123053115",700.023,0.235222782258
"123053116",973.1214,0.326989717742
"123053117",783.3642,0.263227217742
"123053118",439.0278,0.147522782258
"123053119",117.222,0.0393891129032
"123053120",924.1962,0.310549798387
"123053121",1918.5798,0.644684072581
"123053122",1598.6424,0.537178225806
"123053123",536.9796,0.180436693548
"123053124",546.4668,0.183624596774
"123053125",1087.17,0.3653125
"123053126",602.9778,0.202613508065
"123053127",940.8858,0.316157862903
"123053129",509.4324,0.171180241935
"123053130",353.7258,0.118859475806
"123053131",1449.0948,0.486927016129
"123053132",788.6142,0.264991330645
"123053133",85.0164,0.0285673387097
"123053134",288.9444,0.0970915322581
"123053135",613.365,0.206103830645
"123053136",1152.054,0.387114919355
"123053137",168.894,0.056752016129
"123053138",842.2692,0.283020564516
"123053139",1492.7418,0.501593346774
"123053140",1962.7176,0.659515322581
"123053141",390.687,0.131279233871
"123053142",1011.2076,0.3397875
"123053143",1030.8582,0.346390524194
"123053144",501.4746,0.16850625
"123053145",912.0972,0.306484274194
"123053146",754.5708,0.253552016129
"123053147",825.6558,0.277438104839
"123053148",390.8976,0.13135
"123053149",711.7758,0.239171975806
"123053150",90.7782,0.0305034274194
"123053151",567.4734,0.190683266129
"123053152",628.0284,0.211031048387
"123053153",400.4628,0.134564112903
"123053154",1329.3432,0.446687903226
"123053155",867.6498,0.291548991935
"123053156",856.8348,0.287914919355
"123053157",397.959,0.133722782258
"123053158",417.2004,0.140188306452
"123053159",1286.9952,0.432458064516
"123053160",829.4946,0.278728024194
"123053161",1371.6798,0.46091391129
"123053162",1087.6398,0.365470362903
"123053163",509.4888,0.171199193548
"123053164",646.116,0.217108870968
"123053165",837.7506,0.281502217742
"123053166",789.5514,0.26530625
"123053167",770.9382,0.259051814516
"123053168",1375.806,0.462300403226
"123053169",174.5916,0.0586665322581
"123053170",1402.3596,0.471222983871
"123053171",1517.994,0.510078629032
"123053172",953.5728,0.320420967742
"123053173",689.2188,0.23159233871
"123053174",386.9574,0.130026008065
"123053175",1269.3504,0.426529032258
"123053176",664.8618,0.223407862903
"123053177",912.3972,0.306585080645
"123053178",519.1074,0.17443125
"123053179",1425.6642,0.479053830645
"123053180",773.3238,0.259853427419
"123053181",839.5494,0.282106653226
"123053182",1126.8018,0.378629637097
"123053183",623.0616,0.209362096774
"123053184",587.6442,0.19746108871
"123053185",441.7728,0.14844516129
"123053186",848.4078,0.285083266129
"123053187",128.1606,0.0430647177419
"123053188",1960.1172,0.658641532258
"123053189",412.5996,0.13864233871
"123053190",476.4606,0.160101008065
"123053191",765.6696,0.257281451613
"123053192",1417.0266,0.47615141129
"123053193",580.4904,0.195057258065
"123053194",522.5754,0.175596572581
"123053195",644.3964,0.216531048387
"123053196",894.3606,0.300524395161
"123053197",267.7812,0.0899802419355
"123053198",317.0958,0.106551008065
"123053199",1298.589,0.436353830645
"123053200",608.3328,0.204412903226
"123053201",1091.9766,0.366927620968
"123053202",684.9768,0.230166935484
"123053203",291.549,0.097966733871
"123053205",1853.8296,0.622926612903
"123053206",1305.4644,0.438664112903
"123053207",1753.7106,0.589284475806
"123053208",92.8752,0.0312080645161
"123053209",154.3404,0.0518616935484
"123053210",230.8584,0.0775733870968
"123053211",128.0814,0.0430381048387
"123053212",191.1852,0.0642423387097
"123053213",154.4976,0.051914516129
"123053214",442.9188,0.148830241935
"123053215",366.837,0.123265120968
"123053217",348.75,0.1171875
"123053218",792.5526,0.266314717742
"123053219",800.6634,0.269040120968
"123053221",404.6304,0.135964516129
"123053222",777.4512,0.261240322581
"123053224",1858.3206,0.624435685484
"123053225",489.4212,0.164456048387
"123053226",832.401,0.279704637097
"123053227",343.2774,0.11534858871
"123053228",987.9078,0.331958266129
"123053229",297.0804,0.0998254032258
"123053230",502.5756,0.168876209677
"123053231",760.8816,0.255672580645
"123053232",497.6148,0.167209274194
"123053233",428.7504,0.144069354839
"123053234",622.2126,0.209076814516
"123053235",847.4178,0.284750604839
"123053236",479.199,0.161021169355
"123053238",393.1944,0.132121774194
"123053241",423.7782,0.14239858871
"123053242",229.3596,0.0770697580645
"123053243",2.7918,0.00093810483871
"123053244",354.7422,0.119201008065
"123053245",44.6346,0.0149981854839
"123053246",326.4414,0.109691330645
"123053247",56.9358,0.0191316532258
"123053248",246.7272,0.0829056451613
"123053249",885.7236,0.297622177419
"123053251",373.5954,0.12553608871
"123053252",177.834,0.0597560483871
"123053254",1127.8308,0.378975403226
"123053255",848.6886,0.285177620968
"123053256",652.4202,0.219227217742
"123053257",376.2474,0.126427217742
"123053259",1116.45,0.375151209677
"123053260",109.8156,0.0369004032258
"123053261",127.7766,0.0429356854839
"123053262",247.8936,0.0832975806452
"123053263",131.2056,0.0440879032258
"123053264",140.913,0.0473497983871
"123053265",4229.2803,1.42112913306
"123053266",15.4272,0.00518387096774
"123053267",1028.778,0.345691532258
"123053268",663.7272,0.223026612903
"123053269",810.7518,0.272430040323
"123053270",331.809,0.111494959677
"123053271",1076.4594,0.361713508065
"123053272",136.245,0.04578125
"123053273",483.3786,0.162425604839
"123053274",276.0618,0.0927627016129
"123053275",176.6112,0.0593451612903
"123053276",165.6468,0.0556608870968
"123053277",197.4288,0.0663403225806
"123053278",268.689,0.0902852822581
"123053279",72.7386,0.024441733871
"123053280",424.8504,0.142758870968
"123053281",651.5514,0.218935282258
"123053282",1367.7516,0.459593951613
"123053283",860.3472,0.28909516129
"123053284",498.219,0.167412298387
"123053285",107.628,0.0361653225806
"123053286",269.643,0.0906058467742
"123053287",188.7366,0.0634195564516
"123053288",409.575,0.137626008065
"123053289",633.567,0.212892137097
"123053290",413.574,0.138969758065
"123053291",1807.3524,0.607309274194
"123053292",760.9482,0.255694959677
"123053293",904.7808,0.304025806452
"123053294",619.9944,0.208331451613
"123053295",2292.0012,0.770161693548
"123053296",471.7638,0.158522782258
"123053297",420.2166,0.141201814516
"123053298",809.8788,0.272136693548
"123053299",1456.1574,0.489300201613
"123053300",1003.6554,0.337249798387
"123053301",416.469,0.139942540323
"123053302",1021.9212,0.3433875
"123053303",1410.3186,0.473897379032
"123053304",1136.3262,0.381830040323
"123053305",282.126,0.0948004032258
"123053306",569.5782,0.191390524194
"123053307",309.8718,0.10412358871
"123053308",967.887,0.325230846774
"123053309",362.9052,0.121943951613
"123053310",612.8772,0.205939919355
"123053311",882.9432,0.296687903226
"123053312",734.4924,0.246805241935
"123053313",749.3232,0.251788709677
"123053314",512.0004,0.172043145161
"123053316",861.588,0.289512096774
"123053317",1298.5812,0.436351209677
"123053318",1503.0348,0.505052016129
"123053319",1065.3228,0.357971370968
"123053320",484.9554,0.162955443548
"123053321",3636.3858,1.22190383065
"123053322",1057.3152,0.355280645161
"123053323",911.6808,0.306344354839
"123053324",1464.4368,0.492082258065
"123053325",577.2804,0.193978629032
"123053326",567.6048,0.190727419355
"123053327",468.6006,0.157459879032
"123053328",633.4674,0.212858669355
"123053329",621.717,0.208910282258
"123053330",1432.3146,0.481288508065
"123053331",583.5276,0.196077822581
"123053332",835.6824,0.280807258065
"123053333",321.4578,0.108016733871
"123053334",731.379,0.245759072581
"123053335",725.6388,0.243830241935
"123053336",529.251,0.177839717742
"123053337",359.7324,0.120877822581
"123053338",535.4928,0.179937096774
"123053339",302.8854,0.101776008065
"123053340",448.5342,0.150717137097
"123053341",511.8276,0.171985080645
"123053342",473.8842,0.159235282258
"123053343",438.567,0.147367943548
"123053344",1453.2426,0.488320766129
"123053345",313.4364,0.105321370968
"123053346",830.409,0.279035282258
"123053347",727.974,0.244614919355
"123053348",882.7608,0.296626612903
"123053349",387.258,0.130127016129
"123053350",326.3658,0.109665927419
"123053351",1408.1586,0.473171572581
"123053352",88.8252,0.0298471774194
"123053353",525.3564,0.176531048387
"123053354",1128.4428,0.379181048387
"123053355",759.3474,0.255157056452
"123053356",268.1532,0.0901052419355
"123053357",387.915,0.130347782258
"123053358",1157.0526,0.388794556452
"123053359",212.7978,0.0715046370968
"123053360",525.792,0.176677419355
"123053361",480.03,0.161300403226
"123053362",377.115,0.12671875
"123053363",260.7294,0.0876106854839
"123053364",178.0422,0.0598260080645
"123053365",498.549,0.167523185484
"123053366",925.1436,0.310868145161
"123053367",522.24,0.175483870968
"123053368",1119.6324,0.376220564516
"123053369",425.1492,0.142859274194
"123053370",1004.5248,0.337541935484
"123053371",721.2168,0.242344354839
"123053372",539.3616,0.181237096774
"123053373",302.1768,0.101537903226
"123053374",853.791,0.286892137097
"123053375",725.6868,0.243846370968
"123053376",496.6584,0.166887903226
"123053377",850.9998,0.285954233871
"123053378",67.8204,0.0227891129032
"123053379",1123.0476,0.377368145161
"123053380",376.9884,0.126676209677
"123053381",1965.7794,0.660544153226
"123053382",418.203,0.140525201613
"123053383",633.5322,0.212880443548
"123053385",1032.2184,0.346847580645
"123053386",964.1466,0.323973991935
"123053387",801.6792,0.269381451613
"123053388",651.1194,0.218790120968
"123053389",1393.5402,0.468259475806
"123053390",440.9814,0.148179233871
"123053391",341.913,0.114890120968
"123053392",1696.5624,0.570081451613
"123053393",685.7064,0.230412096774
"123053394",1000.311,0.336126008065
"123053395",1769.2374,0.594501814516
"123053396",808.3638,0.271627620968
"123053397",596.4882,0.200432862903
"123053398",934.245,0.31392641129
"123053399",623.121,0.209382056452
"123053400",1199.796,0.403157258065
"123053401",590.7828,0.198515725806
"123053402",1193.5158,0.401046975806
"123053403",847.0344,0.284621774194
"123053404",199.6632,0.0670911290323
"123053405",586.9818,0.197238508065
"123053406",722.4606,0.242762298387
"123053407",450.9462,0.151527620968
"123053408",1338.183,0.449658266129
"123053409",769.2252,0.258476209677
"123053410",1529.6484,0.513994758065
"123053411",564.9288,0.189828225806
"123053412",237.297,0.0797368951613
"123053413",866.4792,0.291155645161
"123053414",1005.864,0.337991935484
"123053415",386.9352,0.130018548387
"123053416",577.8462,0.19416875
"123053417",751.8996,0.252654435484
"123053418",444.3582,0.14931391129
"123053419",457.1166,0.153601008065
"123053420",1083.7656,0.364168548387
"123053422",286.1556,0.0961544354839
"123053423",161.6442,0.0543159274194
"123053424",1006.881,0.338333669355
"123053425",346.9416,0.11657983871
"123053426",946.4142,0.318015524194
"123053428",936.4914,0.31468125
"123053429",1148.5314,0.38593125
"123053430",1025.019,0.344428427419
"123053431",556.8498,0.187113508065
"123053432",670.4268,0.225277822581
"123053433",677.0268,0.227495564516
"123053434",505.713,0.169930443548
"123053435",915.5664,0.30765
"123053436",516.3954,0.173519959677
"123053437",779.8098,0.262032862903
"123053438",309.8274,0.104108669355
"123053439",942.684,0.316762096774
"123053440",262.1796,0.088097983871
"123053441",135.5076,0.0455334677419
"123053442",834.2964,0.280341532258
"123053443",965.9034,0.324564314516
"123053444",128.8146,0.0432844758065
"123053445",472.4406,0.158750201613
"123053446",554.8698,0.186448185484
"123053447",1036.8168,0.348392741935
"123053448",625.08,0.210040322581
"123053449",623.481,0.209503024194
"123053450",224.592,0.0754677419355
"123053452",967.4472,0.325083064516
"123053453",913.2996,0.306888306452
"123053454",784.8312,0.26372016129
"123053455",520.2096,0.174801612903
"123053456",943.6728,0.317094354839
"123053457",145.4478,0.0488735887097
"123053458",609.1818,0.204698185484
"123053459",1484.8218,0.498932056452
"123053460",794.3808,0.266929032258
"123053461",1150.9272,0.386736290323
"123053462",161.5566,0.0542864919355
"123053463",1991.3868,0.669148790323
"123053464",484.1628,0.162689112903
"123053465",992.061,0.333353830645
"123053466",809.511,0.272013104839
"123053467",867.0486,0.291346975806
"123053468",686.4654,0.230667137097
"123053469",693.4926,0.233028427419
"123053470",476.8902,0.160245362903
"123053471",1056.987,0.355170362903
"123053472",511.9872,0.172038709677
"123053473",569.1948,0.191261693548
"123053474",480.5634,0.161479637097
"123053475",444.3708,0.149318145161
"123053476",25.5666,0.00859092741935
"123053477",549.7044,0.1847125
"123053478",463.1814,0.15563891129
"123053479",510.7824,0.171633870968
"123053480",258.3204,0.0868012096774
"123053481",322.2606,0.108286491935
"123053482",846.9192,0.284583064516
"123053483",691.8114,0.232463508065
"123053484",1019.6598,0.342627620968
"123053485",568.3122,0.190965120968
"123053486",409.4322,0.137578024194
"123053487",776.577,0.260946572581
"123053488",425.508,0.14297983871
"123053489",306.0024,0.102823387097
"123053490",1782.6618,0.599012701613
"123053491",321.3156,0.107968951613
"123053492",783.4176,0.26324516129
"123053493",319.968,0.107516129032
"123053494",286.395,0.0962348790323
"123053495",1238.5938,0.416194153226
"123053496",548.1624,0.184194354839
"123053497",573.12,0.192580645161
"123053498",601.5546,0.202135282258
"123053499",683.9094,0.229808266129
"123053500",1019.463,0.342561491935
"123053501",550.2588,0.184898790323
"123053503",646.6968,0.217304032258
"123053504",820.1244,0.275579435484
"123053505",193.7334,0.0650985887097
"123053506",798.9984,0.268480645161
"123053507",770.1006,0.258770362903
"123053508",558.7746,0.187760282258
"123053509",714.1794,0.239979637097
"123053510",433.1736,0.145555645161
"123053511",1347.9054,0.452925201613
"123053512",1314.486,0.441695564516
"123053513",378.6906,0.127248185484
"123053514",347.5044,0.116768951613
"123053516",605.1918,0.203357459677
"123053517",1002.1752,0.336752419355
"123053518",1045.8192,0.351417741935
"123053519",571.7604,0.192123790323
"123053520",957.003,0.32157358871
"123053521",1263.9912,0.424728225806
"123053522",2004.2826,0.673482056452
"123053523",872.5074,0.29318125
"123053524",69.0054,0.0231872983871
"123053525",652.9686,0.219411491935
"123053526",634.068,0.213060483871
"123053527",1377.9498,0.463020766129
"123053528",204.5904,0.0687467741935
"123053529",301.1652,0.101197983871
"123053530",504.6816,0.169583870968
"123053531",1961.9538,0.659258669355
"123053532",568.5906,0.191058669355
"123053533",1699.9362,0.571215120968
"123053534",472.296,0.158701612903
"123053535",698.0868,0.234572177419
"123053536",533.868,0.179391129032
"123053537",1397.5236,0.469597983871
"123053538",484.101,0.162668346774
"123053539",1850.9226,0.621949798387
"123053540",335.5956,0.11276733871
"123053541",681.9822,0.229160685484
"123053542",443.223,0.148932459677
"123053543",842.5326,0.283109072581
"123053544",650.0052,0.218415725806
"123053545",425.3076,0.1429125
"123053546",698.5026,0.234711895161
"123053547",947.7582,0.318467137097
"123053548",571.695,0.192101814516
"123053549",719.9964,0.241934274194
"123053550",876.1104,0.294391935484
"123053551",1019.0352,0.342417741935
"123053552",1774.476,0.596262096774
"123053553",1123.7658,0.377609475806
"123053554",1044.2358,0.350885685484
"123053555",1651.725,0.555015120968
"123053556",1381.1874,0.464108669355
"123053557",257.208,0.0864274193548
"123053559",907.269,0.304861895161
"123053560",877.7682,0.294948991935
"123053561",1183.5642,0.397703024194
"123053562",1557.6714,0.52341108871
"123053563",87.2496,0.0293177419355
"123053564",995.2344,0.33442016129
"123053565",742.0578,0.249347379032
"123053566",1150.617,0.386632056452
"123053567",208.6956,0.0701262096774
"123053568",280.5876,0.0942834677419
"123053569",207.3816,0.0696846774194
"123053570",133.5012,0.0448592741935
"123053571",263.6514,0.0885925403226
"123053573",334.7862,0.112495362903
"123053574",587.9634,0.197568346774
"123053575",105.879,0.0355776209677
"123053576",144.0948,0.0484189516129
"123053577",0.0006,2.01612903226e-07
"123053579",238.068,0.0799959677419
"123053580",175.5396,0.0589850806452
"123053581",228.246,0.0766955645161
"123053582",1123.3602,0.377473185484
"123053583",579.1296,0.1946
"123053585",396.0048,0.133066129032
"123053586",224.2692,0.0753592741935
"123053587",212.5752,0.0714298387097
"123053588",759.54,0.255221774194
"123053589",110.3952,0.0370951612903
"123053590",86.2914,0.028995766129
"123053591",318.543,0.107037298387
"123053592",704.526,0.236735887097
"123053593",601.734,0.202195564516
"123053594",336.153,0.112954637097
"123053595",710.0328,0.238586290323
"123053596",1164.582,0.391324596774
"123053597",353.8116,0.118888306452
"123053598",674.0616,0.226499193548
"123053599",834.4812,0.280403629032
"123053601",1906.8642,0.640747379032
"123053604",97.341,0.0327086693548
"123053605",48.2382,0.0162090725806
"123053606",599.7162,0.201517540323
"123053607",1.9302,0.000648588709677
"123053608",8.0994,0.00272157258065
"123053609",157.6782,0.052983266129
"123053610",5.7828,0.00194314516129
"123053611",267.8178,0.0899925403226
"123053612",459.1278,0.154276814516
"123053614",56.9802,0.0191465725806
"123053615",148.7484,0.0499826612903
"123053616",587.1402,0.197291733871
"123053617",200.8368,0.067485483871
"123053618",138.3978,0.0465046370968
"123053620",340.3578,0.114367540323
"123053621",333.498,0.1120625
"123053622",115.8966,0.03894375
"123053623",206.3292,0.0693310483871
"123053624",115.7058,0.0388796370968
"123053625",371.631,0.124876008065
"123053627",327.9234,0.110189314516
"123053628",200.9958,0.0675389112903
"123053629",110.172,0.0370201612903
"123053630",175.602,0.0590060483871
"123053631",235.308,0.0790685483871
"123053632",80.307,0.0269848790323
"123053633",168.5784,0.0566459677419
"123053634",293.544,0.0986370967742
"123053635",530.517,0.178265120968
"123053636",436.5018,0.146673991935
"123053637",747.7848,0.251271774194
"123053638",187.8678,0.0631276209677
"123053639",266.283,0.0894768145161
"123053640",554.1924,0.186220564516
"123053641",534.9456,0.179753225806
"123053642",148.3806,0.0498590725806
"123053643",1104.717,0.371208669355
"123053644",423.7164,0.142377822581
"123053645",185.5554,0.0623506048387
"123053646",731.8104,0.245904032258
"123053647",475.5492,0.159794758065
"123053648",552.8262,0.185761491935
"123053649",600.909,0.201918346774
"123053650",431.4606,0.144980040323
"123053651",547.4628,0.183959274194
"123053652",698.3694,0.234667137097
"123053653",709.4688,0.238396774194
"123053654",470.577,0.158123991935
"123053655",275.3988,0.0925399193548
"123053656",309.4578,0.103984475806
"123053657",812.496,0.273016129032
"123053658",320.187,0.107589717742
"123053659",191.7876,0.0644447580645
"123053660",1098.0522,0.368969153226
"123053661",146.1696,0.0491161290323
"123053662",614.199,0.206384072581
"123053663",1000.4814,0.336183266129
"123053664",414.5274,0.139290120968
"123053665",955.3176,0.321007258065
"123053666",436.6338,0.146718346774
"123053667",806.8896,0.271132258065
"123053668",1158.3336,0.389225
"123053669",405.1038,0.13612358871
"123053670",681.984,0.229161290323
"123053671",534.255,0.179521169355
"123053672",502.2978,0.168782862903
"123053673",1379.0664,0.463395967742
"123053674",797.244,0.267891129032
"123053675",821.5074,0.276044153226
"123053676",241.7304,0.0812266129032
"123053677",1081.0296,0.363249193548
"123053678",400.0416,0.134422580645
"123053680",447.5598,0.150389717742
"123053681",327.2454,0.109961491935
"123053682",633.9846,0.213032459677
"123053683",1010.2116,0.339452822581
"123053684",552.1602,0.185537701613
"123053685",1229.3706,0.413094959677
"123053686",1750.6494,0.588255846774
"123053687",530.7906,0.178357056452
"123053688",565.806,0.190122983871
"123053689",224.8644,0.0755592741935
"123053690",1123.8276,0.377630241935
"123053691",853.1412,0.286673790323
"123053692",345.0678,0.115950201613
"123053693",757.5906,0.254566733871
"123053694",689.6748,0.231745564516
"123053695",920.0166,0.309145362903
"123053696",1098.1746,0.369010282258
"123053697",871.5138,0.292847379032
"123053698",379.866,0.127643145161
"123053699",2206.0692,0.741286693548
"123053700",1512.3804,0.50819233871
"123053701",779.9748,0.262088306452
"123053702",1268.631,0.426287298387
"123053703",998.5398,0.335530846774
"123053704",826.4484,0.277704435484
"123053705",955.722,0.321143145161
"123053706",1705.2426,0.572998185484
"123053707",498.6456,0.167555645161
"123053708",237.9954,0.0799715725806
"123053709",732.4812,0.246129435484
"123053710",1023.93,0.3440625
"123053711",271.8588,0.0913504032258
"123053712",364.0614,0.122332459677
"123053713",472.8978,0.158903830645
"123053714",506.0586,0.170046572581
"123053715",1074.9426,0.361203830645
"123053716",678.7566,0.228076814516
"123053717",685.812,0.230447580645
"123053718",212.067,0.0712590725806
"123053719",840.5094,0.282429233871
"123053720",869.4408,0.292150806452
"123053721",865.2036,0.290727016129
"123053722",971.0916,0.32630766129
"123053723",1031.2278,0.346514717742
"123053724",289.6368,0.0973241935484
"123053725",83.8062,0.0281606854839
"123053726",652.6728,0.219312096774
"123053727",908.5596,0.305295564516
"123053728",1520.2914,0.510850604839
"123053729",459.2148,0.154306048387
"123053730",246.3,0.0827620967742
"123053731",663.645,0.222998991935
"123053732",958.4694,0.322066330645
"123053733",770.964,0.259060483871
"123053734",39.9438,0.0134219758065
"123053735",482.7534,0.162215524194
"123053736",1248.0834,0.419382862903
"123053737",566.8302,0.190467137097
"123053738",400.074,0.134433467742
"123053739",1024.5714,0.344278024194
"123053740",592.842,0.19920766129
"123053741",711.09,0.238941532258
"123053742",582.3084,0.195668145161
"123053743",80.3208,0.026989516129
"123053744",601.464,0.20210483871
"123053745",899.6928,0.302316129032
"123053746",189.3114,0.0636127016129
"123053747",135.5958,0.0455631048387
"123053748",695.076,0.233560483871
"123053749",489.6858,0.164544959677
"123053750",1083.2136,0.363983064516
"123053751",615.8622,0.206942943548
"123053752",2261.7696,0.760003225806
"123053753",619.5528,0.208183064516
"123053754",481.6974,0.161860685484
"123053755",426.1932,0.143210080645
"123053756",741.138,0.249038306452
"123053757",1923.6894,0.646401008065
"123053759",465.6324,0.1564625
"123053760",768.9852,0.258395564516
"123053761",379.5702,0.12754375
"123053762",553.2858,0.185915927419
"123053764",253.0056,0.0850153225806
"123053765",372.027,0.125009072581
"123053766",744.2052,0.250068951613
"123053767",741.6042,0.249194959677
"123053769",940.1016,0.315894354839
"123053770",399.1092,0.134109274194
"123053771",728.166,0.244679435484
"123053772",1407.2544,0.472867741935
"123053773",522.3852,0.17553266129
"123053774",1179.6588,0.396390725806
"123053775",470.598,0.158131048387
"123053776",705.8448,0.237179032258
"123053777",779.0076,0.261763306452
"123053778",218.1438,0.0733010080645
"123053779",775.4346,0.260562701613
"123053780",1161.6504,0.390339516129
"123053781",1265.8068,0.425338306452
"123053782",183.2904,0.061589516129
"123053783",104.1684,0.0350028225806
"123053784",425.3094,0.142913104839
"123053785",200.4108,0.0673423387097
"123053786",546.2166,0.183540524194
"123053787",541.5456,0.181970967742
"123053789",1002.5928,0.336892741935
"123053790",653.7732,0.219681854839
"123053791",871.8738,0.292968346774
"123053792",1161.7512,0.390373387097
"123053793",173.97,0.0584576612903
"123053794",568.2102,0.190930846774
"123053795",934.0584,0.313863709677
"123053797",375.0216,0.126015322581
"123053798",1195.1202,0.40158608871
"123053799",667.7958,0.22439375
"123053800",731.4792,0.245792741935
"123053801",645.057,0.216753024194
"123053802",586.9914,0.197241733871
"123053803",678.6294,0.228034072581
"123053804",405.3018,0.136190120968
"123053805",574.197,0.192942540323
"123053806",231.1956,0.0776866935484
"123053807",499.434,0.167820564516
"123053808",459.957,0.154555443548
"123053809",576.1266,0.193590927419
"123053810",1135.8564,0.381672177419
"123053811",622.0998,0.20903891129
"123053812",860.9568,0.2893
"123053813",1197.3786,0.402344959677
"123053814",754.0344,0.253371774194
"123053815",246.2676,0.0827512096774
"123053816",1332.1566,0.447633266129
"123053817",128.3928,0.0431427419355
"123053818",1706.3934,0.573384879032
"123053819",772.2546,0.259494153226
"123053820",1114.1328,0.374372580645
"123053821",546.2226,0.183542540323
"123053823",1439.1462,0.483584072581
"123053824",368.574,0.123848790323
"123053825",588.9192,0.197889516129
"123053826",672.8304,0.226085483871
"123053828",1692.1116,0.568585887097
"123053829",432.8814,0.145457459677
"123053830",753.5514,0.253209475806
"123053831",218.4966,0.0734195564516
"123053832",625.6788,0.210241532258
"123053833",961.083,0.322944556452
"123053834",762.798,0.256316532258
"123053835",399.5418,0.134254637097
"123053836",288.7338,0.097020766129
"123053837",647.7468,0.217656854839
"123053838",943.5516,0.317053629032
"123053839",1268.2848,0.426170967742
"123053840",678.876,0.228116935484
"123053841",204.0462,0.0685639112903
"123053842",439.8066,0.147784475806
"123053843",164.6448,0.0553241935484
"123053844",246.1464,0.082710483871
"123053845",294.1314,0.0988344758065
"123053846",426.9774,0.14347358871
"123053847",358.0086,0.12029858871
"123053848",283.9716,0.0954205645161
"123053851",272.7042,0.0916344758065
"123053852",1934.8776,0.650160483871
"123053853",1902.2034,0.63918125
"123053854",507.6228,0.170572177419
"123053855",988.9542,0.332309879032
"123053856",1089.7554,0.36618125
"123053857",380.3034,0.127790120968
"123053858",734.4264,0.246783064516
"123053859",1183.8582,0.397801814516
"123053860",1595.2206,0.536028427419
"123053861",932.1594,0.313225604839
"123053862",541.1844,0.181849596774
"123053863",621.2472,0.208752419355
"123053864",391.6836,0.131614112903
"123053865",127.1292,0.0427181451613
"123053866",688.0494,0.231199395161
"123053867",1081.9272,0.363550806452
"123053868",914.6772,0.307351209677
"123053869",1072.4304,0.360359677419
"123053870",771.5604,0.259260887097
"123053871",979.6788,0.329193145161
"123053872",1766.6844,0.593643951613
"123053873",235.8102,0.0792372983871
"123053874",1754.691,0.58961391129
"123053875",1775.7234,0.59668125
"123053876",1269.0906,0.426441733871
"123053877",1006.3974,0.338171169355
"123053878",1825.3746,0.613365120968
"123053879",147.864,0.049685483871
"123053880",599.1144,0.201315322581
"123053881",774.348,0.260197580645
"123053882",708.5676,0.238093951613
"123053883",1128.6246,0.379242137097
"123053884",502.6716,0.168908467742
"123053885",497.097,0.167035282258
"123053886",1227.057,0.412317540323
"123053887",881.7702,0.29629375
"123053888",704.556,0.236745967742
"123053889",1158.2544,0.389198387097
"123053890",168.4938,0.0566175403226
"123053891",720.6156,0.24214233871
"123053892",644.1702,0.216455040323
"123053893",853.842,0.286909274194
"123053894",657.0696,0.220789516129
"123053895",895.443,0.300888104839
"123053896",406.812,0.136697580645
"123053897",745.3542,0.250455040323
"123053898",460.7358,0.154817137097
"123053899",689.688,0.23175
"123053900",2467.137,0.82901108871
"123053901",453.9984,0.152553225806
"123053902",385.7958,0.129635685484
"123053903",718.9068,0.241568145161
"123053904",123.9108,0.0416366935484
"123053905",396.9792,0.133393548387
"123053906",1084.8942,0.364547782258
"123053907",2010.2286,0.675480040323
"123053908",714.801,0.240188508065
"123053909",678.6006,0.228024395161
"123053910",116.7066,0.0392159274194
"123053911",745.3866,0.250465927419
"123053912",358.146,0.120344758065
"123053913",2773.7718,0.932046975806
"123053914",518.4306,0.174203830645
"123053915",591.3432,0.198704032258
"123053916",6521.6604,2.19141814516
"123053917",1832.5482,0.615775604839
"123053918",418.9908,0.140789919355
"123053919",1682.1648,0.565243548387
"123053920",2007.5712,0.674587096774
"123053921",349.0746,0.117296572581
"123053922",821.0568,0.275892741935
"123053923",1000.6824,0.336250806452
"123053924",853.1904,0.286690322581
"123053925",1022.838,0.343695564516
"123053926",571.8774,0.192163104839
"123053927",313.332,0.105286290323
"123053928",903.0216,0.303434677419
"123053929",255.5766,0.085879233871
"123053930",568.6278,0.191071169355
"123053931",815.667,0.274081653226
"123053932",1367.2032,0.459409677419
"123053933",1016.0694,0.341421169355
"123053934",1860.5394,0.62518125
"123053935",976.3842,0.32808608871
"123053936",626.8968,0.210650806452
"123053937",120.3954,0.0404554435484
"123053938",521.5926,0.175266330645
"123053939",10.035,0.00337197580645
"123053940",1365.8598,0.458958266129
"123053941",869.0994,0.29203608871
"123053942",742.143,0.249376008065
"123053943",747.5886,0.251205846774
"123053944",767.4384,0.257875806452
"123053945",1973.8752,0.663264516129
"123053946",1514.3718,0.508861491935
"123053947",870.7236,0.292581854839
"123053948",794.9964,0.267135887097
"123053949",1299.384,0.436620967742
"123053950",955.6188,0.321108467742
"123053951",1229.4672,0.413127419355
"123053952",1068.1068,0.358906854839
"123053953",720.873,0.242228830645
"123053954",629.8866,0.211655443548
"123053955",26.2362,0.00881592741936
"123053956",888.351,0.298505040323
"123053957",1508.3346,0.506832862903
"123053958",948.132,0.318592741935
"123053959",370.6374,0.124542137097
"123053960",1863.57,0.626199596774
"123053961",458.631,0.154109879032
"123053962",1128.8652,0.379322983871
"123053963",506.4936,0.170192741935
"123053964",1229.2722,0.413061895161
"123053965",1330.3398,0.447022782258
"123053966",645.1644,0.216789112903
"123053967",784.227,0.263517137097
"123053968",680.0598,0.228514717742
"123053969",695.8032,0.23380483871
"123053970",547.8354,0.184084475806
"123053971",521.2224,0.175141935484
"123053972",457.4094,0.153699395161
"123053973",607.5432,0.204147580645
"123053974",425.4054,0.142945362903
"123053975",217.824,0.0731935483871
"123053976",808.932,0.271818548387
"123053977",1163.7396,0.391041532258
"123053978",411.564,0.138294354839
"123053979",451.9296,0.151858064516
"123053980",1880.4126,0.631859072581
"123053981",1097.9472,0.368933870968
"123053982",864.7632,0.290579032258
"123053983",613.4082,0.206118346774
"123053984",700.23,0.23529233871
"123053985",557.2788,0.18725766129
"123053986",1086.2484,0.365002822581
"123053987",488.2782,0.164071975806
"123053988",664.566,0.223308467742
"123053989",478.1232,0.160659677419
"123053990",883.4304,0.296851612903
"123053991",666.4536,0.223942741935
"123053992",557.1948,0.187229435484
"123053993",1912.8816,0.642769354839
"123053994",742.4364,0.249474596774
"123053995",585.2364,0.196652016129
"123053996",656.2956,0.220529435484
"123053997",740.265,0.248744959677
"123053998",532.5594,0.17895141129
"123053999",1370.2038,0.460417943548
"123054000",506.1402,0.170073991935
"123054001",825.7254,0.277461491935
"123054002",841.7136,0.282833870968
"123054003",640.749,0.215305443548
"123054004",686.1774,0.230570362903
"123054005",1056.1332,0.354883467742
"123054006",353.1468,0.118664919355
"123054007",339.6876,0.11414233871
"123054008",656.6106,0.220635282258
"123054009",1218.0852,0.409302822581
"123054010",842.3514,0.283048185484
"123054011",970.5504,0.326125806452
"123054012",564.8868,0.189814112903
"123054013",3739.7556,1.25663830645
"123054014",584.7168,0.196477419355
"123054015",3739.7094,1.25662278226
"123054016",449.6628,0.151096370968
"123054017",871.2048,0.292743548387
"123054018",1556.8134,0.523122782258
"123054019",158.3124,0.0531963709677
"123054020",1623.1548,0.545414919355
"123054021",694.3968,0.233332258065
"123054022",694.5408,0.233380645161
"123054023",1434.5238,0.482030846774
"123054024",489.9162,0.164622379032
"123054025",623.736,0.209588709677
"123054026",765.1074,0.257092540323
"123054027",84.8802,0.0285215725806
"123054028",1284.9198,0.431760685484
"123054029",536.7006,0.180342943548
"123054030",642.7926,0.215992137097
"123054031",1946.0988,0.653931048387
"123054032",345.3564,0.116047177419
"123054033",257.2626,0.086445766129
"123054034",1251.7302,0.420608266129
"123054035",126.2496,0.0424225806452
"123054036",1158.612,0.389318548387
"123054037",1830.3804,0.615047177419
"123054038",1215.831,0.408545362903
"123054039",1045.9986,0.351478024194
"123054040",974.3016,0.327386290323
"123054041",805.0722,0.270521572581
"123054042",274.7502,0.0923219758065
"123054043",425.7168,0.14305
"123054044",503.1744,0.169077419355
"123054045",1721.6874,0.578523991935
"123054046",841.4688,0.282751612903
"123054047",538.0044,0.180781048387
"123054050",1.239,0.000416330645161
"123054052",140.1126,0.0470808467742
"123054053",189.4362,0.0636546370968
"123054054",380.8614,0.127977620968
"123054056",869.5566,0.292189717742
"123054057",484.4112,0.162772580645
"123054058",398.1444,0.133785080645
"123054059",363.8796,0.122271370968
"123054060",1114.995,0.374662298387
"123054061",1362.924,0.457971774194
"123054062",418.7766,0.140717943548
"123054063",1320.159,0.443601814516
"123054064",708.0114,0.237907056452
"123054065",917.6976,0.308366129032
"123054066",1735.323,0.583105846774
"123054067",482.4936,0.162128225806
"123054068",529.4268,0.177898790323
"123054069",569.5968,0.191396774194
"123054070",377.9094,0.126985685484
"123054071",1270.4022,0.426882459677
"123054072",1788.7458,0.601057056452
"123054073",2671.353,0.897632056452
"123054074",869.0562,0.292021572581
"123054075",313.4118,0.105313104839
"123054076",441.8166,0.148459879032
"123054077",787.7202,0.264690927419
"123054078",774.822,0.260356854839
"123054079",647.0652,0.217427822581
"123054080",679.068,0.228181451613
"123054081",827.5338,0.278069153226
"123054082",784.6068,0.263644758065
"123054083",577.1076,0.193920564516
"123054084",1797.2934,0.603929233871
"123054085",308.3976,0.103628225806
"123054086",715.8768,0.24055
"123054087",654.822,0.220034274194
"123054088",1845.6756,0.620186693548
"123054089",1588.4358,0.53374858871
"123054090",1165.1172,0.391504435484
"123054091",624.8508,0.209963306452
"123054092",732.2814,0.246062298387
"123054093",900.2964,0.302518951613
"123054094",1002.1866,0.33675625
"123054095",1053.9564,0.354152016129
"123054096",1197.7128,0.402457258065
"123054097",1046.5944,0.351678225806
"123054098",808.2594,0.271592540323
"123054099",795.615,0.26734375
"123054100",786.465,0.264269153226
"123054101",721.7472,0.242522580645
"123054102",805.5882,0.270694959677
"123054103",890.6394,0.299273991935
"123054104",384.8358,0.129313104839
"123054105",210.7062,0.0708018145161
"123054106",331.777,0.144000434028
"123054107",826.5516,0.277739112903
"123054108",706.668,0.237455645161
"123054109",1238.2236,0.416069758065
"123054110",477.9996,0.160618145161
"123054111",1041.8736,0.350091935484
"123054112",1500.6,0.504233870968
"123054113",506.7132,0.170266532258
"123054114",358.389,0.12042641129
"123054115",923.3976,0.310281451613
"123054116",271.9008,0.091364516129
"123054117",402.3654,0.135203427419
"123054118",510.6018,0.171573185484
"123054119",833.61,0.280110887097
"123054120",691.68,0.232419354839
"123054121",1350.3144,0.453734677419
"123054122",942.7146,0.316772379032
"123054123",694.4406,0.233346975806
"123054124",1229.694,0.413203629032
"123054125",390.4902,0.131213104839
"123054126",895.1124,0.300777016129
"123054127",598.8354,0.201221572581
"123054128",1830.5892,0.61511733871
"123054129",694.233,0.233277217742
"123054130",568.0182,0.190866330645
"123054131",457.8558,0.153849395161
"123054132",1126.4688,0.378517741935
"123054133",392.538,0.131901209677
"123054134",560.0172,0.188177822581
"123054135",330.4806,0.11104858871
"123054136",684.2892,0.229935887097
"123054137",774.1002,0.260114314516
"123054138",460.7106,0.154808669355
"123054139",789.117,0.265160282258
"123054140",545.511,0.183303427419
"123054141",808.5792,0.2717
"123054142",463.2774,0.155671169355
"123054143",624.5892,0.209875403226
"123054144",725.0448,0.243630645161
"123054145",544.3638,0.182917943548
"123054146",640.6734,0.215280040323
"123054148",118.3698,0.0397747983871
"123054149",1118.5416,0.375854032258
"123054150",361.7568,0.121558064516
"123054152",470.424,0.158072580645
"123054153",328.8522,0.11050141129
"123054154",432.279,0.145255040323
"123054155",386.4246,0.129846975806
"123054156",846.7452,0.284524596774
"123054157",687.8172,0.231121370968
"123054158",219.423,0.0737308467742
"123054159",1425.366,0.478953629032
"123054160",732.2862,0.24606391129
"123054161",806.523,0.271009072581
"123054162",2565.9468,0.862213306452
"123054163",642.939,0.216041330645
"123054164",1480.4796,0.497472983871
"123054165",604.2048,0.203025806452
"123054166",478.7586,0.160873185484
"123054167",619.7694,0.208255846774
"123054168",1006.503,0.338206653226
"123054169",1746.9858,0.587024798387
"123054170",337.998,0.113574596774
"123054171",1249.6032,0.419893548387
"123054172",829.1088,0.278598387097
"123054173",430.0296,0.144499193548
"123054174",863.2098,0.290057056452
"123054175",802.4424,0.269637903226
"123054176",438.324,0.147286290323
"123054177",519.1842,0.174457056452
"123054178",525.8598,0.176700201613
"123054179",633.5196,0.212876209677
"123054180",578.1,0.194254032258
"123054181",466.2456,0.156668548387
"123054182",1652.277,0.555200604839
"123054183",1477.854,0.496590725806
"123054184",326.0976,0.109575806452
"123054185",492.9798,0.165651814516
"123054186",452.0124,0.151885887097
"123054187",480.375,0.161416330645
"123054188",1714.9068,0.576245564516
"123054189",469.9614,0.157917137097
"123054190",2151.1176,0.722821774194
"123054191",429.6804,0.144381854839
"123054192",71.5284,0.0240350806452
"123054194",512.4156,0.17218266129
"123054196",1251.7074,0.420600604839
"123054197",468.5538,0.157444153226
"123054198",1152.5256,0.387273387097
"123054199",302.7906,0.101744153226
"123054200",764.6724,0.256946370968
"123054201",862.8462,0.289934879032
"123054202",558.2694,0.187590524194
"123054203",557.418,0.187304435484
"123054204",1110.2634,0.373072379032
"123054205",478.6632,0.160841129032
"123054206",695.748,0.233786290323
"123054207",945.8274,0.317818346774
"123054208",743.1276,0.249706854839
"123054209",330.6822,0.111116330645
"123054210",1535.4804,0.515954435484
"123054211",599.0178,0.201282862903
"123054212",726.1584,0.24400483871
"123054213",1487.7834,0.499927217742
"123054214",320.1546,0.107578830645
"123054215",1276.212,0.428834677419
"123054216",845.0016,0.283938709677
"123054217",802.4898,0.269653830645
"123054218",992.2368,0.333412903226
"123054219",1010.7474,0.339632862903
"123054220",715.611,0.240460685484
"123054221",70.8588,0.0238100806452
"123054222",470.382,0.158058467742
"123054223",357.5484,0.120143951613
"123054224",518.8776,0.174354032258
"123054225",211.4886,0.0710647177419
"123054226",1247.9946,0.419353024194
"123054227",629.7894,0.211622782258
"123054228",194.5506,0.0653731854839
"123054229",449.7282,0.151118346774
"123054230",748.0824,0.251371774194
"123054231",482.6934,0.162195362903
"123054232",897.864,0.301701612903
"123054233",361.335,0.121416330645
"123054234",528.3666,0.177542540323
"123054235",997.1568,0.335066129032
"123054236",634.2528,0.213122580645
"123054237",1278.432,0.429580645161
"123054238",315.2802,0.105940927419
"123054239",968.262,0.325356854839
"123054240",728.6934,0.244856653226
"123054241",91.3968,0.0307112903226
"123054242",858.7386,0.288554637097
"123054243",115.8216,0.0389185483871
"123054244",1633.1634,0.548778024194
"123054245",249.7416,0.0839185483871
"123054246",700.2828,0.235310080645
"123054247",724.4466,0.243429637097
"123054248",633.429,0.212845766129
"123054249",797.2446,0.267891330645
"123054250",485.4828,0.16313266129
"123054251",165.45,0.0555947580645
"123054252",1039.221,0.349200604839
"123054253",425.178,0.142868951613
"123054254",877.0458,0.29470625
"123054255",414.4104,0.139250806452
"123054256",295.4676,0.0992834677419
"123054257",903.5844,0.303623790323
"123054258",438.0426,0.147191733871
"123054259",269.2956,0.0904891129032
"123054260",1746.6432,0.586909677419
"123054261",1092.1098,0.366972379032
"123054262",460.5414,0.154751814516
"123054263",436.7694,0.14676391129
"123054264",660.453,0.22192641129
"123054265",1160.6196,0.389993145161
"123054266",440.2446,0.147931653226
"123054267",111.0594,0.0373183467742
"123054268",685.296,0.230274193548
"123054269",553.9398,0.186135685484
"123054270",237.8694,0.079929233871
"123054271",476.8878,0.160244556452
"123054272",1649.6532,0.554318951613
"123054273",566.2896,0.190285483871
"123054274",621.7566,0.20892358871
"123054275",148.1676,0.0497875
"123054277",420.3474,0.141245766129
"123054278",492.8112,0.16559516129
"123054279",1208.1372,0.405960080645
"123054280",1333.5702,0.448108266129
"123054281",441.348,0.148302419355
"123054282",922.0986,0.309844959677
"123054283",500.1612,0.168064919355
"123054284",1083.0732,0.363935887097
"123054285",381.0372,0.128036693548
"123054286",766.323,0.257501008065
"123054287",1441.5942,0.484406653226
"123054288",392.7156,0.131960887097
"123054289",527.439,0.177230846774
"123054290",665.628,0.223665322581
"123054292",549.9456,0.184793548387
"123054293",725.0628,0.243636693548
"123054294",506.4414,0.170175201613
"123054295",1151.5158,0.386934072581
"123054296",449.2704,0.150964516129
"123054297",438.3828,0.147306048387
"123054298",1078.5948,0.362431048387
"123054299",393.5976,0.132257258065
"123054300",925.7268,0.311064112903
"123054301",3025.9008,1.01676774194
"123054302",692.8926,0.232826814516
"123054303",229.92,0.0772580645161
"123054304",39.1212,0.0131455645161
"123054305",436.647,0.146722782258
"123054306",460.8408,0.154852419355
"123054307",714.3834,0.240048185484
"123054308",953.82,0.320504032258
"123054309",585.4488,0.196723387097
"123054310",392.3412,0.131835080645
"123054311",775.0692,0.260439919355
"123054312",497.5356,0.16718266129
"123054313",565.3254,0.189961491935
"123054315",277.7796,0.0933399193548
"123054316",956.2296,0.321313709677
"123054317",694.8276,0.233477016129
"123054318",386.7294,0.129949395161
"123054319",635.5392,0.21355483871
"123054320",1050.015,0.352827620968
"123054321",1595.655,0.536174395161
"123054322",624.2034,0.209745766129
"123054323",1626.8286,0.546649395161
"123054324",861.2352,0.289393548387
"123054325",610.6302,0.205184879032
"123054326",510.6192,0.171579032258
"123054327",1326.228,0.445641129032
"123054329",9645.8106,3.24119979839
"123054330",401.5716,0.134936693548
"123054332",1385.7096,0.465628225806
"123054333",118.8432,0.0399338709677
"123054334",125.142,0.0420504032258
"123054335",712.6362,0.23946108871
"123054336",281.0472,0.0944379032258
"123054337",121.2954,0.0407578629032
"123054338",1925.0184,0.646847580645
"123054339",443.0934,0.14888891129
"123054340",659.1378,0.221484475806
"123054341",1099.821,0.369563508065
"123054342",553.3722,0.185944959677
"123054343",586.5294,0.197086491935
"123054344",383.538,0.128877016129
"123054345",787.8744,0.264742741935
"123054346",604.3218,0.203065120968
"123054347",880.4682,0.29585625
"123054348",439.9482,0.147832056452
"123054349",2233.5138,0.750508669355
"123054350",259.245,0.0871118951613
"123054351",1072.6806,0.36044375
"123054352",813.6024,0.273387903226
"123054353",354.7872,0.119216129032
"123054354",1003.5708,0.337221370968
"123054356",219.456,0.0737419354839
"123054357",580.0404,0.194906048387
"123054358",138.0528,0.0463887096774
"123054359",209.1234,0.0702699596774
"123054360",1545.7014,0.51938891129
"123054361",542.4504,0.182275
"123054362",368.175,0.123714717742
"123054363",721.797,0.242539314516
"123054364",132.4026,0.0444901209677
"123054365",12.3648,0.00415483870968
"123054367",377.9502,0.126999395161
"123054368",466.4736,0.15674516129
"123054369",642.4692,0.215883467742
"123054370",902.9526,0.303411491935
"123054371",405.033,0.136099798387
"123054372",429.7998,0.144421975806
"123054373",253.7232,0.0852564516129
"123054374",315.705,0.106083669355
"123054375",324.5142,0.10904375
"123054376",816.8586,0.274482056452
"123054377",1306.7316,0.439089919355
"123054378",141.171,0.0474364919355
"123054379",824.4426,0.277030443548
"123054380",271.1004,0.0910955645161
"123054382",565.4058,0.189988508065
"123054383",763.518,0.256558467742
"123054384",205.7568,0.0691387096774
"123054385",194.1792,0.0652483870968
"123054386",434.7156,0.146073790323
"123054387",588.711,0.197819556452
"123054388",324.1878,0.108934072581
"123054389",1436.8992,0.482829032258
"123054390",1084.7556,0.364501209677
"123054391",404.5314,0.13593125
"123054392",1769.3136,0.594527419355
"123054393",666.8418,0.224073185484
"123054394",349.587,0.11746875
"123054395",628.761,0.211277217742
"123054396",473.9064,0.159242741935
"123054397",932.965,0.347085193452
"123054398",1116.5778,0.375194153226
"123054399",785.0202,0.263783669355
"123054401",410.109,0.137805443548
"123054403",884.2266,0.297119153226
"123054404",389.4408,0.130860483871
"123054405",293.5932,0.0986536290323
"123054406",396.786,0.133328629032
"123054407",687.135,0.230892137097
"123054408",402.3162,0.135186895161
"123054409",406.0866,0.136453830645
"123054410",692.0964,0.232559274194
"123054411",661.0656,0.222132258065
"123054412",638.4786,0.214542540323
"123054413",88.4256,0.0297129032258
"123054414",573.096,0.192572580645
"123054415",708.8436,0.238186693548
"123054416",117.6978,0.0395489919355
"123054417",390.9378,0.131363508065
"123054418",426.873,0.143438508065
"123054419",692.451,0.232678427419
"123054420",164.0616,0.0551282258065
"123054422",777.156,0.261141129032
"123054423",828.948,0.278544354839
"123054424",1327.9056,0.44620483871
"123054425",706.3128,0.237336290323
"123054426",311.367,0.104626008065
"123054427",13.7808,0.00463064516129
"123054428",696.5352,0.234050806452
"123054429",837.2448,0.281332258065
"123054430",1166.976,0.392129032258
"123054431",1021.4652,0.343234274194
"123054432",455.3676,0.153013306452
"123054433",890.8794,0.299354637097
"123054434",821.0676,0.275896370968
"123054435",393.9696,0.132382258065
"123054436",305.2674,0.10257641129
"123054437",175.1826,0.0588651209677
"123054438",331.3068,0.111326209677
"123054439",173.556,0.0583185483871
"123054440",440.4426,0.147998185484
"123054441",274.2486,0.0921534274194
"123054442",329.247,0.110634072581
"123054443",178.0932,0.0598431451613
"123054444",612.1344,0.205690322581
"123054445",352.6608,0.118501612903
"123054446",618.117,0.207700604839
"123054447",176.7654,0.0593969758065
"123054448",940.4436,0.316009274194
"123054449",1107.648,0.372193548387
"123054450",374.8176,0.125946774194
"123054451",840.0936,0.282289516129
"123054452",907.1988,0.304838306452
"123054453",535.4016,0.179906451613
"123054454",1779.9078,0.598087298387
"123054455",1584.2196,0.532331854839
"123054456",494.499,0.166162298387
"123054457",1168.38,0.392600806452
"123054458",283.4922,0.0952594758065
"123054459",882.2982,0.296471169355
"123054460",361.536,0.121483870968
"123054461",289.4124,0.0972487903226
"123054462",253.3746,0.0851393145161
"123054463",954.7326,0.320810685484
"123054464",300.657,0.101027217742
"123054466",624.5628,0.209866532258
"123054467",541.2414,0.18186875
"123054468",377.6676,0.126904435484
"123054469",547.788,0.184068548387
"123054470",693.495,0.233029233871
"123054471",2100.045,0.705660282258
"123054472",575.232,0.193290322581
"123054473",447.789,0.150466733871
"123054474",365.0076,0.122650403226
"123054475",722.3388,0.242721370968
"123054476",580.695,0.195126008065
"123054477",265.296,0.0891451612903
"123054478",518.7942,0.174326008065
"123054479",636.2898,0.213807056452
"123054480",257.8218,0.0866336693548
"123054481",452.9964,0.152216532258
"123054482",688.1334,0.231227620968
"123054483",403.6758,0.13564375
"123054484",363.6288,0.122187096774
"123054485",348.3576,0.117055645161
"123054486",192.798,0.0647842741935
"123054487",239.565,0.0804989919355
"123054488",819.957,0.275523185484
"123054489",1925.2242,0.646916733871
"123054490",602.7876,0.202549596774
"123054491",262.1754,0.0880965725806
"123054492",315.4404,0.105994758065
"123054493",1042.5642,0.350323991935
"123054494",1100.5536,0.369809677419
"123054495",376.722,0.126586693548
"123054496",420.03,0.141139112903
"123054497",1503.7692,0.505298790323
"123054498",1082.9418,0.363891733871
"123054499",585.1272,0.196615322581
"123054500",707.5626,0.23775625
"123054501",551.3058,0.185250604839
"123054502",731.4468,0.245781854839
"123054503",1233.4608,0.414469354839
"123054504",1791.978,0.602143145161
"123054505",535.8348,0.180052016129
"123054506",640.602,0.215256048387
"123054507",476.601,0.160148185484
"123054508",910.3578,0.305899798387
"123054509",118.134,0.0396955645161
"123054510",103.869,0.0349022177419
"123054511",774.954,0.260401209677
"123054512",1075.89,0.361522177419
"123054513",49.143,0.0165131048387
"123054514",1487.043,0.499678427419
"123054515",352.809,0.11855141129
"123054516",646.0086,0.217072782258
"123054517",874.9452,0.294000403226
"123054518",382.4034,0.128495766129
"123054519",415.0458,0.139464314516
"123054520",373.3776,0.125462903226
"123054521",199.896,0.0671693548387
"123054522",9.6912,0.0032564516129
"123054523",228.513,0.0767852822581
"123054524",774.8736,0.260374193548
"123054525",2293.2126,0.77056875
"123054526",1070.0532,0.359560887097
"123054527",80.814,0.0271552419355
"123054528",459.2286,0.154310685484
"123054529",727.2156,0.244360080645
"123054530",1374.0252,0.461702016129
"123054531",745.4424,0.250484677419
"123054532",888.9012,0.298689919355
"123054533",602.8002,0.202553830645
"123054534",425.6796,0.1430375
"123054535",1037.9184,0.348762903226
"123054536",664.095,0.223150201613
"123054537",763.602,0.256586693548
"123054538",537.9222,0.180753427419
"123054539",705.3564,0.237014919355
"123054540",438.0714,0.14720141129
"123054541",699.282,0.234973790323
"123054542",796.4634,0.267628830645
"123054543",975.786,0.327885080645
"123054544",1025.8422,0.344705040323
"123054545",429.5532,0.144339112903
"123054546",529.1748,0.177814112903
"123054547",499.8354,0.167955443548
"123054548",768.3564,0.258184274194
"123054549",472.7916,0.158868145161
"123054550",174.3816,0.0585959677419
"123054551",372.0816,0.125027419355
"123054552",494.4402,0.166142540323
"123054553",802.59,0.2696875
"123054554",771.9528,0.259392741935
"123054555",548.184,0.184201612903
"123054556",530.9118,0.178397782258
"123054557",265.8762,0.0893401209677
"123054558",498.045,0.167353830645
"123054559",394.035,0.132404233871
"123054560",297.0222,0.0998058467742
"123054561",1472.7432,0.494873387097
"123054562",1027.7916,0.345360080645
"123054563",476.9016,0.160249193548
"123054564",697.839,0.23448891129
"123054565",1585.7436,0.532843951613
"123054566",622.4118,0.20914375
"123054567",296.1936,0.0995274193548
"123054568",736.6734,0.247538104839
"123054569",189.3576,0.0636282258065
"123054570",1451.0736,0.487591935484
"123054571",753.2622,0.253112298387
"123054572",642.3504,0.215843548387
"123054573",400.0026,0.134409475806
"123054574",911.7852,0.306379435484
"123054575",665.4822,0.223616330645
"123054576",739.4508,0.248471370968
"123054577",707.0484,0.237583467742
"123054578",344.2464,0.115674193548
"123054579",753.5916,0.253222983871
"123054580",738.0186,0.247990120968
"123054581",663.8016,0.223051612903
"123054583",850.5168,0.285791935484
"123054584",1838.4486,0.617758266129
"123054585",1103.9238,0.370942137097
"123054586",1092.6546,0.367155443548
"123054587",790.4796,0.265618145161
"123054588",598.9206,0.201250201613
"123054589",1146.1812,0.385141532258
"123054590",1335.4914,0.448753830645
"123054591",1503.777,0.50530141129
"123054592",650.2164,0.218486693548
"123054593",977.5242,0.328469153226
"123054594",540.7026,0.181687701613
"123054595",528.1416,0.177466935484
"123054596",483.9552,0.162619354839
"123054597",860.166,0.289034274194
"123054598",429.3084,0.144256854839
"123054599",275.6208,0.092614516129
"123054600",369.8784,0.124287096774
"123054601",546.5568,0.18365483871
"123054602",688.3152,0.231288709677
"123054603",588.6966,0.197814717742
"123054604",907.7484,0.305022983871
"123054605",1982.9448,0.666312096774
"123054606",93.9102,0.0315558467742
"123054607",1348.6644,0.453180241935
"123054608",550.2192,0.184885483871
"123054609",315.0594,0.105866733871
"123054610",912.2106,0.306522379032
"123054611",826.6278,0.277764717742
"123054612",601.0212,0.201956048387
"123054613",172.7616,0.0580516129032
"123054614",483.5874,0.162495766129
"123054615",1201.0746,0.403586895161
"123054616",882.9468,0.296689112903
"123054617",940.425,0.316003024194
"123054618",1181.5434,0.397023991935
"123054619",31.4292,0.0105608870968
"123054620",549.678,0.184703629032
"123054621",403.5846,0.135613104839
"123054622",351.7332,0.118189919355
"123054623",765.2034,0.257124798387
"123054624",406.8594,0.136713508065
"123054625",181.2414,0.0609010080645
"123054626",1751.2914,0.588471572581
"123054627",848.4714,0.285104637097
"123054628",878.1186,0.295066733871
"123054629",189.4944,0.0636741935484
"123054630",444.2808,0.149287903226
"123054631",698.4444,0.23469233871
"123054632",508.2234,0.170773991935
"123054633",903.6888,0.303658870968
"123054634",95.991,0.0322550403226
"123054635",2029.62,0.681995967742
"123054636",1457.0802,0.489610282258
"123054637",1053.0834,0.353858669355
"123054638",773.1588,0.259797983871
"123054639",549.5442,0.184658669355
"123054640",678.486,0.227985887097
"123054641",709.1352,0.238284677419
"123054642",200.2614,0.0672921370968
"123054643",1173.5046,0.394322782258
"123054644",683.0028,0.229503629032
"123054645",767.1702,0.257785685484
"123054646",659.5194,0.221612701613
"123054648",741.4446,0.249141330645
"123054649",391.6362,0.131598185484
"123054650",899.5632,0.302272580645
"123054651",436.776,0.146766129032
"123054652",589.296,0.198016129032
"123054653",749.0358,0.251692137097
"123054654",1576.1394,0.529616733871
"123054655",1120.293,0.376442540323
"123054656",302.6592,0.1017
"123054657",1980.2628,0.665410887097
"123054658",371.8476,0.124948790323
"123054659",738.2076,0.248053629032
"123054660",551.4648,0.185304032258
"123054661",1408.7466,0.473369153226
"123054662",1403.8716,0.471731048387
"123054663",2065.4772,0.694044758065
"123054664",588.306,0.197683467742
"123054665",945.504,0.317709677419
"123054666",657.474,0.220925403226
"123054667",784.6044,0.263643951613
"123054668",155.1564,0.0521358870968
"123054669",626.313,0.210454637097
"123054671",129.7884,0.0436116935484
"123054672",648.5298,0.217919959677
"123054673",1705.746,0.57316733871
"123054674",1514.286,0.50883266129
"123054675",589.5588,0.198104435484
"123054676",796.3428,0.267588306452
"123054677",819.7614,0.275457459677
"123054678",2222.16,0.746693548387
"123054679",238.5282,0.0801506048387
"123054680",419.6928,0.141025806452
"123054681",1291.527,0.433980846774
"123054682",1755.5028,0.589886693548
"123054683",947.8926,0.318512298387
"123054684",408.6852,0.137327016129
"123054685",439.0794,0.147540120968
"123054686",780.1164,0.262135887097
"123054687",664.89,0.22341733871
"123054688",1024.8006,0.344355040323
"123054689",864.4806,0.290484072581
"123054690",463.6836,0.15580766129
"123054691",398.1084,0.133772983871
"123054692",628.0446,0.211036491935
"123054693",333.9912,0.112228225806
"123054694",1349.823,0.453569556452
"123054695",1795.8528,0.60344516129
"123054696",782.7486,0.263020362903
"123054697",1401.0618,0.470786895161
"123054698",1852.8276,0.622589919355
"123054699",784.5396,0.263622177419
"123054700",2048.4198,0.688313104839
"123054701",801.9768,0.269481451613
"123054702",1641.4626,0.551566733871
"123054703",664.341,0.223232862903
"123054704",1190.8902,0.400164717742
"123054705",834.0222,0.280249395161
"123054706",392.613,0.13192641129
"123054707",701.8614,0.235840524194
"123054708",633.0546,0.212719959677
"123054709",258.462,0.0868487903226
"123054710",935.9388,0.314495564516
"123054711",1220.4564,0.410099596774
"123054712",921.1416,0.309523387097
"123054713",695.6262,0.233745362903
"123054714",741.3594,0.249112701613
"123054715",466.596,0.156786290323
"123054716",716.0214,0.24059858871
"123054717",568.3062,0.190963104839
"123054718",645.8178,0.217008669355
"123054719",2118.009,0.711696572581
"123054720",223.242,0.0750141129032
"123054721",157.1502,0.0528058467742
"123054722",136.5618,0.0458877016129
"123054723",275.0334,0.0924171370968
"123054724",208.1388,0.0699391129032
"123054725",298.935,0.10044858871
"123054726",0.0144,4.83870967742e-06
"123054727",315.8166,0.106121169355
"123054728",240.219,0.08071875
"123054729",216.741,0.0728296370968
"123054730",220.4064,0.0740612903226
"123054731",231.8448,0.0779048387097
"123054732",148.6806,0.0499598790323
"123054733",160.4958,0.0539300403226
"123054734",166.5738,0.0559723790323
"123054735",143.8386,0.0483328629032
"123054736",1061.886,0.356816532258
"123054737",753.3078,0.253127620968
"123054738",1208.5524,0.406099596774
"123054739",137.8632,0.046325
"123054740",460.6464,0.154787096774
"123054741",108.5568,0.0364774193548
"123054742",25.8246,0.00867762096774
"123054743",901.6176,0.302962903226
"123054744",2.5176,0.000845967741935
"123054745",278.2902,0.0935114919355
"123054746",807.3384,0.271283064516
"123054747",177.9198,0.0597848790323
"123054748",930.4548,0.312652822581
"123054749",871.5948,0.292874596774
"123054750",190.8552,0.0641314516129
"123054751",666.6786,0.224018346774
"123054752",1339.7316,0.450178629032
"123054753",1114.2696,0.374418548387
"123054754",880.8744,0.295992741935
"123054755",1675.4262,0.562979233871
"123054756",591.7434,0.198838508065
"123054757",764.4762,0.256880443548
"123054758",564.9702,0.189842137097
"123054759",346.6692,0.116488306452
"123054760",444.1242,0.149235282258
"123054761",246.6576,0.0828822580645
"123054762",1976.0178,0.663984475806
"123054763",328.1544,0.110266935484
"123054767",380.4738,0.127847379032
"123054768",1357.953,0.45630141129
"123054769",268.7322,0.0902997983871
"123054770",518.1834,0.174120766129
"123054771",919.341,0.308918346774
"123054772",975.8448,0.32790483871
"123054773",316.6314,0.106394959677
"123054774",622.6788,0.209233467742
"123054775",459.4014,0.15436875
"123054776",289.7064,0.0973475806452
"123054777",911.292,0.306213709677
"123054778",373.764,0.125592741935
"123054779",780.1458,0.262145766129
"123054781",649.7832,0.218341129032
"123054782",336.3408,0.113017741935
"123054783",269.664,0.0906129032258
"123054784",498.8988,0.167640725806
"123054785",739.1478,0.248369556452
"123054786",460.6092,0.154774596774
"123054787",386.9346,0.130018346774
"123054788",2911.3326,0.978270362903
"123054789",1571.595,0.528089717742
"123054790",395.0562,0.132747379032
"123054791",395.241,0.132809475806
"123054792",982.5084,0.330143951613
"123054793",435.1278,0.146212298387
"123054794",108.6618,0.0365127016129
"123054795",655.0986,0.220127217742
"123054796",280.1688,0.0941427419355
"123054797",5.0046,0.00168165322581
"123054798",435.1206,0.146209879032
"123054799",138.741,0.0466199596774
"123054800",331.3266,0.111332862903
"123054801",579.9996,0.19489233871
"123054802",990.1488,0.332711290323
"123054803",628.4946,0.211187701613
"123054804",806.442,0.270981854839
"123054805",434.4234,0.145975604839
"123054806",306.3756,0.102948790323
"123054807",306.5568,0.103009677419
"123054808",539.7948,0.18138266129
"123054809",1069.779,0.35946875
"123054810",857.7246,0.28821391129
"123054811",507.108,0.170399193548
"123054812",169.4244,0.0569302419355
"123054813",181.1388,0.0608665322581
"123054814",216.1734,0.0726389112903
"123054815",336.8244,0.113180241935
"123054816",1323.5952,0.444756451613
"123054818",3.3618,0.00112963709677
"123054819",132.7242,0.0445981854839
"123054820",935.1984,0.314246774194
"123054821",758.739,0.254952620968
"123054822",453.963,0.152541330645
"123054823",938.4072,0.315325
"123054824",486.0378,0.163319153226
"123054826",856.9518,0.287954233871
"123054827",32.2638,0.0108413306452
"123054828",799.5018,0.268649798387
"125132703",1402.81,0.471374327957
