MR_MDVC_NUMBER,Latitude,Longitude
123054483,35.8924691,-106.2856409
123054338,35.902891,-106.2855569
123053834,35.9024043,-106.2753836
123053387,35.8911394,-106.2911464
123053171,35.8914612,-106.2930818
123053170,35.8914612,-106.2930818
123053173,35.8914612,-106.2930818
123053172,35.8914612,-106.2930818
123053175,35.8914612,-106.2930818
123053174,35.8914612,-106.2930818
123053177,35.8906843,-106.2926347
123053176,35.8906843,-106.2926347
123053179,35.8906843,-106.2926347
123053178,35.8906843,-106.2926347
123053831,35.8891497,-106.2856053
123053889,35.9024778,-106.2893408
123053888,35.9024778,-106.2893408
123053885,35.9032016,-106.2945126
123053884,35.9032016,-106.2945126
123053887,35.9032016,-106.2945126
123053886,35.9032016,-106.2945126
123053881,35.8914041,-106.2848275
123053880,35.8914041,-106.2848275
123053882,35.8914041,-106.2848275
123053317,35.9032016,-106.2945126
123053316,35.9032016,-106.2945126
123053311,35.902891,-106.2855569
123053310,35.902891,-106.2855569
123053312,35.8893221,-106.2839107
123053319,35.9032016,-106.2945126
123053089,35.902363,-106.2881259
123053088,35.9024778,-106.2893408
123053773,35.8914041,-106.2848275
123053772,35.8914041,-106.2848275
123053771,35.8914041,-106.2848275
123053770,35.8914041,-106.2848275
123053777,35.902891,-106.2855569
123053776,35.9031613,-106.2767286
123053775,35.8914041,-106.2848275
123053774,35.8914041,-106.2848275
123053957,35.889994,-106.2716022
123053956,35.889994,-106.2716022
123053955,35.887598,-106.2703607
123053954,35.887662,-106.2768571
123053953,35.887662,-106.2768571
123053952,35.887662,-106.2768571
123053951,35.902891,-106.2855569
123053950,35.902891,-106.2855569
123054202,35.8894588,-106.273796
123054203,35.8894588,-106.273796
123053559,35.8898897,-106.2737494
123054201,35.8894588,-106.273796
123054206,35.8876084,-106.2755161
123054207,35.8876084,-106.2755161
123054204,35.8876084,-106.2755161
123054205,35.8876084,-106.2755161
123053221,35.8914526,-106.2974404
123053552,35.9012174,-106.2691676
123054208,35.8987274,-106.2812334
123054209,35.8898897,-106.2737494
123053557,35.8898897,-106.2737494
123053556,35.8898897,-106.2737494
123053555,35.9012174,-106.2691676
123053226,35.8987274,-106.2812334
123053799,35.8883638,-106.2791194
123053798,35.8883638,-106.2791194
123053791,35.8914041,-106.2848275
123053790,35.8914041,-106.2848275
123053793,35.8883638,-106.2791194
123053792,35.8883638,-106.2791194
123053795,35.8883638,-106.2791194
123053794,35.8883638,-106.2791194
123053797,35.8883638,-106.2791194
123053796,35.8883638,-106.2791194
123054688,35.8879713,-106.2799092
123054689,35.8879713,-106.2799092
123054686,35.8906748,-106.2981318
123054687,35.8914526,-106.2974404
123054684,35.8914526,-106.2974404
123054685,35.8906748,-106.2981318
123054682,35.9023671,-106.2988356
123054683,35.9023671,-106.2988356
123054680,35.9023671,-106.2988356
123054681,35.9023671,-106.2988356
123054518,35.8906843,-106.2926347
123054519,35.8906843,-106.2926347
123054516,35.8906843,-106.2926347
123054517,35.8906843,-106.2926347
123054514,35.8906843,-106.2926347
123054515,35.8906843,-106.2926347
123054512,35.8906843,-106.2926347
123054513,35.8906843,-106.2926347
123054510,35.8893221,-106.2839107
123054511,35.8893221,-106.2839107
123054336,35.902891,-106.2855569
123054337,35.902891,-106.2855569
123054334,35.889994,-106.2716022
123054335,35.889994,-106.2716022
123054332,35.889994,-106.2716022
123054333,35.889994,-106.2716022
123054330,35.8914041,-106.2848275
123053428,35.8919019,-106.298032
123053427,35.8914526,-106.2974404
123053426,35.8914526,-106.2974404
123053425,35.8914526,-106.2974404
123053424,35.8914526,-106.2974404
123053423,35.8914526,-106.2974404
123053422,35.8914526,-106.2974404
123053421,35.8914526,-106.2974404
123054339,35.902891,-106.2855569
123053272,35.8914041,-106.2848275
123054028,35.8980144,-106.2645966
123054029,35.8980144,-106.2645966
123054022,35.8980144,-106.2645966
123054023,35.8980144,-106.2645966
123054020,35.8980144,-106.2645966
123054021,35.8980144,-106.2645966
123054026,35.888177,-106.2679652
123054027,35.888177,-106.2679652
123054024,35.8906843,-106.2926347
123054025,35.888177,-106.2679652
123054493,36.3658793,-105.32825
123053843,35.8914041,-106.2848275
123054052,35.9032016,-106.2945126
123053979,35.8980144,-106.2645966
123053960,35.8980144,-106.2645966
123054534,35.8992918,-106.2800918
123054535,35.8992918,-106.2800918
123053339,35.8884757,-106.2822427
123054821,35.889994,-106.2716022
123054530,35.8987274,-106.2812334
123053845,35.8914041,-106.2848275
123054827,35.889994,-106.2716022
123054532,35.8982912,-106.2780644
123054533,35.8992918,-106.2800918
123053841,35.8914041,-106.2848275
123053840,35.8914041,-106.2848275
123053844,35.8914041,-106.2848275
123053331,35.8886049,-106.2837816
123053842,35.8914041,-106.2848275
123053337,35.8893221,-106.2839107
123053336,35.8884757,-106.2822427
123053847,35.8914041,-106.2848275
123053846,35.8914041,-106.2848275
123054767,35.8906843,-106.2926347
123054093,35.9032016,-106.2945126
123054092,35.9032016,-106.2945126
123054763,35.8892698,-106.2791596
123054762,35.8892698,-106.2791596
123054314,35.887598,-106.2703607
123054315,35.889994,-106.2716022
123054640,35.8911394,-106.2911464
123053162,35.9039874,-106.2904062
123053163,35.9024778,-106.2893408
123053160,35.9024778,-106.2893408
123054641,35.8911394,-106.2911464
123053166,35.8992918,-106.2800918
123053167,35.9024778,-106.2893408
123053164,35.9024778,-106.2893408
123053165,35.9024778,-106.2893408
123054310,35.9011817,-106.2737838
123053168,35.8914612,-106.2930818
123053169,35.8914612,-106.2930818
123054312,35.8914041,-106.2848275
123053898,35.902363,-106.2881259
123053899,35.902363,-106.2881259
123053896,35.9024778,-106.2893408
123053897,35.902363,-106.2881259
123053894,35.9024778,-106.2893408
123053895,35.9024778,-106.2893408
123053892,35.9024778,-106.2893408
123053893,35.9024778,-106.2893408
123053890,35.9024778,-106.2893408
123053891,35.9024778,-106.2893408
123053306,35.8980144,-106.2645966
123053307,35.8980144,-106.2645966
123053304,35.8901897,-106.284398
123053305,35.8901897,-106.284398
123053302,35.8914526,-106.2974404
123053303,35.8914526,-106.2974404
123053300,35.8914526,-106.2974404
123053301,35.8914526,-106.2974404
123053308,35.9046159,-106.2965196
123053309,35.9046159,-106.2965196
123053096,35.902363,-106.2881259
123053097,35.902363,-106.2881259
123053094,35.8914041,-106.2848275
123053095,35.8914041,-106.2848275
123053092,35.8914041,-106.2848275
123053093,35.8914041,-106.2848275
123053090,35.902363,-106.2881259
123053091,35.902363,-106.2881259
123053098,35.902363,-106.2881259
123053099,35.902363,-106.2881259
123053940,35.902891,-106.2855569
123053941,35.902891,-106.2855569
123053942,35.902891,-106.2855569
123053943,35.902891,-106.2855569
123053760,35.8914041,-106.2848275
123053761,35.8914041,-106.2848275
123053946,35.8911394,-106.2911464
123053763,35.8914041,-106.2848275
123053948,35.902891,-106.2855569
123053949,35.902891,-106.2855569
123053768,35.8914041,-106.2848275
123053769,35.8914041,-106.2848275
123054237,35.8914041,-106.2848275
123054236,35.8914041,-106.2848275
123053238,35.8942195,-106.2844731
123054234,35.8894588,-106.273796
123054233,35.8894588,-106.273796
123054232,35.8894588,-106.273796
123054231,35.887662,-106.2768571
123054230,35.887662,-106.2768571
123053544,35.9012174,-106.2691676
123053233,35.8914041,-106.2848275
123053230,35.9037065,-106.2809136
123053231,36.3658793,-105.32825
123053236,35.8942195,-106.2844731
123053541,35.887598,-106.2703607
123053542,35.887598,-106.2703607
123053543,35.887598,-106.2703607
123053788,35.8914041,-106.2848275
123053789,35.8914041,-106.2848275
123053782,35.8883638,-106.2791194
123053783,35.8883638,-106.2791194
123053780,35.8883638,-106.2791194
123053781,35.8883638,-106.2791194
123053786,35.8891497,-106.2856053
123053787,35.8891497,-106.2856053
123053784,35.8891497,-106.2856053
123053785,35.8891497,-106.2856053
123054523,35.8906843,-106.2926347
123054522,35.8906843,-106.2926347
123054521,35.8906843,-106.2926347
123054520,35.8906843,-106.2926347
123054527,35.902891,-106.2855569
123054526,35.9015527,-106.2870599
123054525,35.902891,-106.2855569
123054524,35.902891,-106.2855569
123054529,35.8901897,-106.284398
123054528,35.8987274,-106.2812334
123054659,35.8911394,-106.2911464
123054658,35.8911394,-106.2911464
123054309,35.9011817,-106.2737838
123054308,35.9011817,-106.2737838
123054651,35.8954327,-106.2987545
123054650,35.8954327,-106.2987545
123054653,35.8954327,-106.2987545
123054652,35.8960039,-106.2977745
123054655,35.8960039,-106.2977745
123054654,35.8954327,-106.2987545
123054657,35.8911394,-106.2911464
123054656,35.8911394,-106.2911464
123053430,35.8914526,-106.2974404
123053431,35.8919019,-106.298032
123053432,35.8919019,-106.298032
123053433,35.8914526,-106.2974404
123053434,35.8914526,-106.2974404
123053435,35.8914526,-106.2974404
123053436,35.8914526,-106.2974404
123053437,35.8914526,-106.2974404
123053438,35.8914526,-106.2974404
123053439,35.8914526,-106.2974404
123054787,35.8903308,-106.2849128
123054786,35.8901897,-106.284398
123054785,35.8903308,-106.2849128
123054784,35.8903308,-106.2849128
123054783,35.8914041,-106.2848275
123054782,35.8914041,-106.2848275
123054781,35.8914041,-106.2848275
123054780,35.8914041,-106.2848275
123054789,35.8924691,-106.2856409
123054788,35.8924691,-106.2856409
123054019,35.8980144,-106.2645966
123054018,35.8980144,-106.2645966
123054017,35.8980144,-106.2645966
123054016,35.8980144,-106.2645966
123054015,35.902891,-106.2855569
123054014,35.902891,-106.2855569
123054013,35.9031613,-106.2767286
123054012,35.889994,-106.2716022
123054011,35.8980144,-106.2645966
123054010,35.896972,-106.260013
123054003,35.8980144,-106.2645966
123053618,35.8942195,-106.2844731
123053157,35.8992918,-106.2800918
123053156,35.8992918,-106.2800918
123053155,35.9055183,-106.2897893
123053154,35.9055183,-106.2897893
123053153,35.9055183,-106.2897893
123053152,35.9055183,-106.2897893
123053151,35.8919766,-106.2938161
123053150,35.8914526,-106.2974404
123053965,35.8980144,-106.2645966
123053159,35.8992918,-106.2800918
123053158,35.8992918,-106.2800918
123053978,35.8980144,-106.2645966
123053935,35.9015527,-106.2870599
123053934,35.902891,-106.2855569
123053937,35.8879713,-106.2799092
123053936,35.8879713,-106.2799092
123053931,35.905449,-106.2923517
123053930,35.9055183,-106.2897893
123053933,35.902891,-106.2855569
123053932,35.9015527,-106.2870599
123053939,35.8879713,-106.2799092
123053938,35.8879713,-106.2799092
123053209,35.8914041,-106.2848275
123053208,35.8914041,-106.2848275
123053207,35.8950617,-106.2883698
123053206,35.9046159,-106.2965196
123053203,35.888177,-106.2679652
123053202,35.889994,-106.2716022
123053201,35.889994,-106.2716022
123053200,35.888177,-106.2679652
123054822,35.889994,-106.2716022
123054823,35.889994,-106.2716022
123054820,35.889994,-106.2716022
123054537,35.8897146,-106.2830172
123054826,35.889994,-106.2716022
123054531,35.8992918,-106.2800918
123054824,35.889994,-106.2716022
123054825,35.889994,-106.2716022
123053333,35.8886049,-106.2837816
123053332,35.8886049,-106.2837816
123054828,35.889994,-106.2716022
123053330,35.8886049,-106.2837816
123054538,35.8897146,-106.2830172
123054539,35.8897146,-106.2830172
123053335,35.8886049,-106.2837816
123053334,35.8886049,-106.2837816
123054648,35.8960913,-106.2968243
123054649,35.8960913,-106.2968243
123054318,35.889994,-106.2716022
123053959,35.889994,-106.2716022
123054642,35.8911394,-106.2911464
123054643,35.8911394,-106.2911464
123054316,35.889994,-106.2716022
123053958,35.889994,-106.2716022
123054646,35.8911394,-106.2911464
123054311,35.9011817,-106.2737838
123054644,35.8899091,-106.2918184
123054645,35.8911394,-106.2911464
123053445,35.8879713,-106.2799092
123053444,35.8879713,-106.2799092
123053447,35.8879713,-106.2799092
123053446,35.8879713,-106.2799092
123053441,35.8879713,-106.2799092
123053440,35.8879713,-106.2799092
123053443,35.8879713,-106.2799092
123053442,35.8879713,-106.2799092
123053449,35.9032016,-106.2945126
123053448,35.9032016,-106.2945126
123054798,35.8914041,-106.2848275
123054799,35.8914041,-106.2848275
123053778,35.9031613,-106.2767286
123054790,35.8924691,-106.2856409
123054791,35.8924691,-106.2856409
123054792,35.8883638,-106.2791194
123054793,35.8883638,-106.2791194
123054794,35.8883638,-106.2791194
123054795,35.8883638,-106.2791194
123054796,35.8914041,-106.2848275
123054797,35.8914041,-106.2848275
123054228,35.8914041,-106.2848275
123054229,35.887662,-106.2768571
123054220,35.887662,-106.2768571
123054221,35.8883638,-106.2791194
123054222,35.8883638,-106.2791194
123054223,35.8883638,-106.2791194
123054224,35.8894588,-106.273796
123054225,35.8894588,-106.273796
123054226,35.8894588,-106.273796
123054227,35.8894588,-106.273796
123053229,35.9037065,-106.2809136
123053228,35.8980144,-106.2645966
123054200,35.887662,-106.2768571
123054000,35.8980144,-106.2645966
123054001,35.896738,-106.259054
123054002,35.8980144,-106.2645966
123053558,35.8898897,-106.2737494
123054004,35.889994,-106.2716022
123054005,35.889994,-106.2716022
123054006,35.889994,-106.2716022
123054007,35.889994,-106.2716022
123054008,35.8980144,-106.2645966
123054009,35.8980144,-106.2645966
123053213,35.8914041,-106.2848275
123054420,35.8942195,-106.2844731
123053553,35.9012174,-106.2691676
123053551,35.9012174,-106.2691676
123053222,35.8914526,-106.2974404
123053225,35.902891,-106.2855569
123053227,35.8883638,-106.2791194
123053554,35.9012174,-106.2691676
123053219,35.9012174,-106.2691676
123053267,35.9033151,-106.2781477
123053926,35.902891,-106.2855569
123053927,35.905449,-106.2923517
123053924,35.9055183,-106.2897893
123053925,35.902891,-106.2855569
123053922,35.9039874,-106.2904062
123053923,35.902891,-106.2855569
123053920,35.9039874,-106.2904062
123053921,35.902891,-106.2855569
123053140,35.9039874,-106.2904062
123053141,35.902891,-106.2855569
123053142,35.902891,-106.2855569
123053143,35.9024778,-106.2893408
123053144,35.9022845,-106.2956355
123053145,35.9015497,-106.2842568
123053928,35.905449,-106.2923517
123053147,35.8992918,-106.2800918
123053210,35.8914041,-106.2848275
123053211,35.8914041,-106.2848275
123054499,35.8899091,-106.2918184
123054498,35.8906843,-106.2926347
123053214,35.8914041,-106.2848275
123053215,35.8914041,-106.2848275
123053217,35.9031153,-106.272034
123053218,35.8914041,-106.2848275
123054492,36.3658793,-105.32825
123054491,35.8914041,-106.2848275
123054490,35.8924691,-106.2856409
123054497,35.8899091,-106.2918184
123054496,35.8899091,-106.2918184
123054495,36.3658793,-105.32825
123054494,36.3658793,-105.32825
123054817,35.889994,-106.2716022
123054816,35.9012174,-106.2691676
123053858,35.9046159,-106.2965196
123053859,35.9046159,-106.2965196
123053328,35.8886049,-106.2837816
123053329,35.8886049,-106.2837816
123054811,35.8924691,-106.2856409
123054810,35.8924691,-106.2856409
123053324,35.9046159,-106.2965196
123053325,35.9046159,-106.2965196
123053326,35.9046159,-106.2965196
123053327,35.9032016,-106.2945126
123053856,35.902891,-106.2855569
123053857,35.902891,-106.2855569
123053854,35.8883638,-106.2791194
123053855,35.8883638,-106.2791194
123053429,35.8919019,-106.298032
123054679,35.9023671,-106.2988356
123054678,35.9023671,-106.2988356
123054677,35.9023671,-106.2988356
123054676,35.9023671,-106.2988356
123054675,35.8960913,-106.2968243
123054674,35.8960913,-106.2968243
123054673,35.8960913,-106.2968243
123054672,35.8960913,-106.2968243
123054671,35.8942195,-106.2844731
123054670,35.8942195,-106.2844731
123053456,35.9015527,-106.2870599
123053457,35.9015527,-106.2870599
123053454,35.902891,-106.2855569
123053455,35.902891,-106.2855569
123053452,35.902891,-106.2855569
123053453,35.902891,-106.2855569
123053450,35.8919019,-106.298032
123053458,35.9015527,-106.2870599
123053459,35.9015527,-106.2870599
123054259,36.3658793,-105.32825
123054258,36.3658793,-105.32825
123054255,35.9031153,-106.272034
123054254,35.9031153,-106.272034
123054257,36.3658793,-105.32825
123053420,35.8914526,-106.2974404
123054251,35.8914041,-106.2848275
123054250,35.8914041,-106.2848275
123054253,35.9031153,-106.272034
123054252,35.9031153,-106.272034
123054075,35.887598,-106.2703607
123054074,35.887598,-106.2703607
123054077,35.887598,-106.2703607
123054076,35.887598,-106.2703607
123054071,35.9037065,-106.2809136
123054073,35.887598,-106.2703607
123054072,35.887598,-106.2703607
123054079,35.887598,-106.2703607
123054078,35.887598,-106.2703607
123054109,35.887598,-106.2703607
123054108,35.887598,-106.2703607
123054101,35.9033151,-106.2781477
123054100,35.9033151,-106.2781477
123054103,35.9033151,-106.2781477
123054102,35.9033151,-106.2781477
123054105,35.887598,-106.2703607
123054104,35.887598,-106.2703607
123054107,35.887598,-106.2703607
123054814,35.8914041,-106.2848275
123053276,35.8914041,-106.2848275
123053277,35.8914041,-106.2848275
123053274,35.8914041,-106.2848275
123053275,35.8914041,-106.2848275
123054475,35.8906843,-106.2926347
123053273,35.8914041,-106.2848275
123053270,35.8980144,-106.2645966
123053271,35.9011817,-106.2737838
123053041,35.894915,-106.295481
123053047,35.8940274,-106.2870762
123053049,35.9037065,-106.2809136
123053919,35.9023671,-106.2988356
123053918,35.8919766,-106.2938161
123053913,35.8911394,-106.2911464
123053912,35.8911394,-106.2911464
123053911,35.8899091,-106.2918184
123053910,35.8899091,-106.2918184
123053917,35.9032016,-106.2945126
123053916,35.8914041,-106.2848275
123053915,35.8899091,-106.2918184
123053914,35.8911394,-106.2911464
123053139,35.9055183,-106.2897893
123053138,35.902891,-106.2855569
123053135,35.8914526,-106.2974404
123053134,35.8914526,-106.2974404
123053137,35.905449,-106.2923517
123053136,35.9055183,-106.2897893
123053131,35.8914526,-106.2974404
123053130,35.8914526,-106.2974404
123053133,35.8914526,-106.2974404
123053132,35.8914526,-106.2974404
123053265,35.894915,-106.295481
123053264,35.8950617,-106.2883698
123053595,35.8984384,-106.279171
123053594,35.8984384,-106.279171
123053593,35.8984384,-106.279171
123053260,35.8914041,-106.2848275
123053591,35.8942195,-106.2844731
123053590,35.8942195,-106.2844731
123054484,35.8914041,-106.2848275
123054819,35.889994,-106.2716022
123054486,35.8914041,-106.2848275
123054487,35.8914041,-106.2848275
123053269,35.8980144,-106.2645966
123053268,35.8980144,-106.2645966
123053599,35.8987274,-106.2812334
123053598,35.8987274,-106.2812334
123054808,35.8924691,-106.2856409
123054809,35.8924691,-106.2856409
123054818,35.889994,-106.2716022
123054800,35.8903308,-106.2849128
123054801,35.8903308,-106.2849128
123054802,35.8903308,-106.2849128
123054803,35.8903308,-106.2849128
123054804,35.8924691,-106.2856409
123054805,35.8924691,-106.2856409
123054806,35.8924691,-106.2856409
123054807,35.8924691,-106.2856409
123053683,35.8980144,-106.2645966
123053682,35.8879713,-106.2799092
123053681,35.8879713,-106.2799092
123053680,35.8879713,-106.2799092
123053687,35.8879713,-106.2799092
123053686,35.8879713,-106.2799092
123053685,35.8879713,-106.2799092
123053684,35.8879713,-106.2799092
123053867,35.9039874,-106.2904062
123053866,35.9039874,-106.2904062
123053865,35.902891,-106.2855569
123053864,35.9039874,-106.2904062
123053863,35.8914041,-106.2848275
123053862,35.8914041,-106.2848275
123053861,35.8914041,-106.2848275
123053860,35.8992918,-106.2800918
123054660,35.8879713,-106.2799092
123054661,35.8879713,-106.2799092
123053469,35.9015527,-106.2870599
123054663,35.8879713,-106.2799092
123054664,35.902891,-106.2855569
123054665,35.902891,-106.2855569
123054666,35.902891,-106.2855569
123054667,35.902891,-106.2855569
123053463,35.8914526,-106.2974404
123053462,35.8914526,-106.2974404
123053461,35.8919019,-106.298032
123053460,35.8914526,-106.2974404
123053467,35.8906748,-106.2981318
123053466,35.8906748,-106.2981318
123053465,35.8906748,-106.2981318
123053464,35.8914526,-106.2974404
123053669,35.9031153,-106.272034
123053668,35.9031153,-106.272034
123053661,35.9002269,-106.2845832
123053660,35.9002269,-106.2845832
123053663,35.9002269,-106.2845832
123053662,35.9002269,-106.2845832
123053665,35.8879713,-106.2799092
123053664,35.8879713,-106.2799092
123053667,35.8879713,-106.2799092
123053666,35.8879713,-106.2799092
123053848,35.8914041,-106.2848275
123053973,35.889994,-106.2716022
123054248,35.8914041,-106.2848275
123054249,35.8914041,-106.2848275
123054246,35.8914041,-106.2848275
123054247,35.8914041,-106.2848275
123054244,35.8914041,-106.2848275
123054245,35.8914041,-106.2848275
123054242,35.8980144,-106.2645966
123054243,35.9007687,-106.2727308
123054240,35.9007687,-106.2727308
123054241,35.9011817,-106.2737838
123054066,35.9037065,-106.2809136
123054067,35.9037065,-106.2809136
123054064,35.9037065,-106.2809136
123054065,35.9037065,-106.2809136
123054062,35.8914041,-106.2848275
123054063,35.9031153,-106.272034
123054060,35.8914041,-106.2848275
123054061,35.9012174,-106.2691676
123054068,35.9037065,-106.2809136
123054069,35.9037065,-106.2809136
123053694,35.9031153,-106.272034
123053695,35.8980144,-106.2645966
123053872,35.8954327,-106.2987545
123053873,35.8954327,-106.2987545
123053759,35.9031153,-106.272034
123053758,35.9105797,-106.2214146
123053692,35.9031153,-106.272034
123053693,35.9031153,-106.272034
123053971,35.8980144,-106.2645966
123054118,35.9037065,-106.2809136
123054119,35.9037065,-106.2809136
123053970,35.8980144,-106.2645966
123054112,35.9037065,-106.2809136
123054113,35.9037065,-106.2809136
123054110,35.887598,-106.2703607
123054111,35.887598,-106.2703607
123054116,35.9037065,-106.2809136
123054117,35.9037065,-106.2809136
123054114,35.9037065,-106.2809136
123054115,35.902891,-106.2855569
123053972,35.889994,-106.2716022
123053975,35.889994,-106.2716022
123053974,35.889994,-106.2716022
123053977,35.8980144,-106.2645966
123053976,35.8980144,-106.2645966
123054611,35.8992918,-106.2800918
123054610,35.8992918,-106.2800918
123053470,35.9015527,-106.2870599
123053471,35.9015527,-106.2870599
123054587,35.8980144,-106.2645966
123054586,35.8980144,-106.2645966
123054589,35.8992704,-106.2720576
123054588,35.8992704,-106.2720576
123053052,35.894915,-106.295481
123053051,35.8950617,-106.2883698
123053055,35.894915,-106.295481
123053609,35.8942195,-106.2844731
123054273,35.9011817,-106.2737838
123053908,35.8899091,-106.2918184
123053909,35.9046159,-106.2965196
123054272,35.9011817,-106.2737838
123053904,35.8899091,-106.2918184
123053905,35.8899091,-106.2918184
123053906,35.8899091,-106.2918184
123053907,35.8899091,-106.2918184
123053900,35.8954327,-106.2987545
123053901,35.8954327,-106.2987545
123053902,35.8954327,-106.2987545
123053903,35.8954327,-106.2987545
123053128,35.8919019,-106.298032
123053129,35.8914526,-106.2974404
123053126,35.8919766,-106.2938161
123053127,35.8919766,-106.2938161
123053124,35.8914612,-106.2930818
123053125,35.8914041,-106.2848275
123053122,35.902891,-106.2855569
123053123,35.905449,-106.2923517
123053120,35.902891,-106.2855569
123053121,35.902891,-106.2855569
123054471,35.8906843,-106.2926347
123054470,35.8906843,-106.2926347
123054473,35.8906843,-106.2926347
123054472,35.8906843,-106.2926347
123053234,35.902891,-106.2855569
123054474,35.8906843,-106.2926347
123054477,35.902891,-106.2855569
123054476,35.902891,-106.2855569
123054479,35.902891,-106.2855569
123054478,35.9015527,-106.2870599
123053278,35.8914041,-106.2848275
123053279,35.8914041,-106.2848275
123054279,35.9011817,-106.2737838
123054278,35.9011817,-106.2737838
123053870,35.9023671,-106.2988356
123053871,35.9023671,-106.2988356
123053696,35.902891,-106.2855569
123053697,35.902891,-106.2855569
123053874,35.8954327,-106.2987545
123053875,35.8954327,-106.2987545
123053876,35.8954327,-106.2987545
123053877,35.8960039,-106.2977745
123053878,35.8960039,-106.2977745
123053879,35.8960039,-106.2977745
123053698,35.902891,-106.2855569
123053699,35.9031153,-106.272034
123054615,35.8984384,-106.279171
123054614,35.8984384,-106.279171
123054617,35.8992918,-106.2800918
123054616,35.8982912,-106.2780644
123053478,35.8898897,-106.2737494
123053479,35.8898897,-106.2737494
123054613,35.8987274,-106.2812334
123054612,35.8987274,-106.2812334
123053474,35.8898897,-106.2737494
123053475,35.8898897,-106.2737494
123053476,35.8898897,-106.2737494
123053477,35.8898897,-106.2737494
123054619,35.8992918,-106.2800918
123054618,35.8982912,-106.2780644
123053472,35.8898897,-106.2737494
123053473,35.8898897,-106.2737494
123054585,35.8980144,-106.2645966
123054584,35.8980144,-106.2645966
123053678,35.891727,-106.27955
123053679,35.889994,-106.2716022
123054581,35.9015497,-106.2842568
123054580,35.9015497,-106.2842568
123054583,35.9015497,-106.2842568
123054582,35.9015497,-106.2842568
123053672,35.9034337,-106.2741888
123053673,35.9034337,-106.2741888
123053670,35.9031153,-106.272034
123053671,35.9031153,-106.272034
123053676,35.8942195,-106.2844731
123053677,35.9037065,-106.2809136
123053674,35.9034337,-106.2741888
123053675,35.9031153,-106.272034
123053588,35.8942195,-106.2844731
123053589,35.8942195,-106.2844731
123054271,35.8914041,-106.2848275
123054270,35.8914041,-106.2848275
123054277,35.9011817,-106.2737838
123054276,35.8822672,-106.2997823
123054275,35.8894588,-106.273796
123054274,35.8894588,-106.273796
123053580,35.8942195,-106.2844731
123053581,35.8942195,-106.2844731
123053582,35.8942195,-106.2844731
123053583,35.8942195,-106.2844731
123053584,35.8942195,-106.2844731
123053585,35.8942195,-106.2844731
123053586,35.8942195,-106.2844731
123053587,35.8942195,-106.2844731
123054729,35.8914041,-106.2848275
123054728,35.8914041,-106.2848275
123054059,35.887598,-106.2703607
123054058,35.887598,-106.2703607
123054721,35.8914041,-106.2848275
123054720,35.8914041,-106.2848275
123054723,35.8914041,-106.2848275
123054722,35.8914041,-106.2848275
123054725,35.8914041,-106.2848275
123054724,35.8914041,-106.2848275
123054727,35.8914041,-106.2848275
123054726,35.8914041,-106.2848275
123054299,35.8914041,-106.2848275
123054298,35.8914041,-106.2848275
123054055,35.8950617,-106.2883698
123054291,35.902363,-106.2881259
123054290,35.8911394,-106.2911464
123054293,35.8980144,-106.2645966
123054054,35.9033151,-106.2781477
123054295,35.8980144,-106.2645966
123054294,36.3658793,-105.32825
123054297,35.8914041,-106.2848275
123054296,35.8914041,-106.2848275
123053409,35.8914526,-106.2974404
123054351,35.8992918,-106.2800918
123053401,35.8879713,-106.2799092
123054129,35.887598,-106.2703607
123054359,35.8942195,-106.2844731
123054127,35.9105797,-106.2214146
123054125,35.9033151,-106.2781477
123054124,35.9033151,-106.2781477
123054123,35.9033151,-106.2781477
123054122,35.9033151,-106.2781477
123054121,35.9033151,-106.2781477
123054120,35.9033151,-106.2781477
123054292,36.3658793,-105.32825
123053338,35.8893221,-106.2839107
123053546,35.9012174,-106.2691676
123053148,35.8914526,-106.2974404
123053149,35.8914526,-106.2974404
123053062,35.8906843,-106.2926347
123054732,35.8914041,-106.2848275
123053113,35.8919766,-106.2938161
123053112,35.8919766,-106.2938161
123053111,35.8914612,-106.2930818
123053110,35.8914612,-106.2930818
123053117,35.8914612,-106.2930818
123053116,35.8914612,-106.2930818
123053115,35.8919766,-106.2938161
123053114,35.8919766,-106.2938161
123053119,35.8914612,-106.2930818
123053118,35.8914612,-106.2930818
123054462,35.8903308,-106.2849128
123054552,35.8897146,-106.2830172
123054460,35.8903308,-106.2849128
123054461,35.8903308,-106.2849128
123054466,35.8906843,-106.2926347
123054467,35.8906843,-106.2926347
123054464,35.8906843,-106.2926347
123053358,35.887598,-106.2703607
123054468,35.8906843,-106.2926347
123054128,35.887598,-106.2703607
123054733,35.8914041,-106.2848275
123053212,35.8914041,-106.2848275
123053608,35.8942195,-106.2844731
123053805,35.8891497,-106.2856053
123053804,35.8891497,-106.2856053
123053807,35.8891497,-106.2856053
123053806,35.8891497,-106.2856053
123053801,35.9031613,-106.2767286
123053800,35.9031613,-106.2767286
123053803,35.9024043,-106.2753836
123053802,35.9024043,-106.2753836
123053809,35.9031613,-106.2767286
123053808,35.9024043,-106.2753836
123054606,35.887598,-106.2703607
123054607,35.887598,-106.2703607
123053483,35.8914041,-106.2848275
123054605,35.887598,-106.2703607
123053485,35.8914041,-106.2848275
123053484,35.8914041,-106.2848275
123053487,35.8914041,-106.2848275
123053486,35.8914041,-106.2848275
123053489,35.9007687,-106.2727308
123053607,35.8942195,-106.2844731
123054608,35.8992918,-106.2800918
123054609,35.8992918,-106.2800918
123054596,35.8998096,-106.2828358
123054597,35.8998096,-106.2828358
123054594,35.8992704,-106.2720576
123054595,35.8992704,-106.2720576
123054592,35.8992704,-106.2720576
123053357,35.887598,-106.2703607
123053649,35.9002269,-106.2845832
123053648,35.9002269,-106.2845832
123053647,35.8884757,-106.2822427
123053646,35.8884757,-106.2822427
123053645,35.8884757,-106.2822427
123053644,35.8884757,-106.2822427
123053643,35.8893221,-106.2839107
123053642,35.8893221,-106.2839107
123054598,35.9046159,-106.2965196
123054599,35.8998096,-106.2828358
123054264,35.8914041,-106.2848275
123054265,35.8914041,-106.2848275
123054266,35.8914041,-106.2848275
123054267,35.8914041,-106.2848275
123054260,35.8980144,-106.2645966
123054261,35.9011817,-106.2737838
123054262,35.8992704,-106.2720576
123054263,35.9007687,-106.2727308
123053243,35.8914041,-106.2848275
123053242,35.8914041,-106.2848275
123053241,35.8914041,-106.2848275
123053240,35.8914041,-106.2848275
123053247,35.8914041,-106.2848275
123053246,35.8914041,-106.2848275
123053245,35.8914041,-106.2848275
123053244,35.8914041,-106.2848275
123054738,35.8987274,-106.2812334
123054739,35.8987274,-106.2812334
123054049,35.9037065,-106.2809136
123054044,35.8980144,-106.2645966
123054045,35.8980144,-106.2645966
123054730,35.8914041,-106.2848275
123054731,35.8914041,-106.2848275
123054736,35.8987274,-106.2812334
123054737,35.8987274,-106.2812334
123054042,35.8980144,-106.2645966
123054043,35.8980144,-106.2645966
123054288,35.8911394,-106.2911464
123054289,35.8906843,-106.2926347
123054282,35.8914041,-106.2848275
123054283,35.8914041,-106.2848275
123054280,35.8914041,-106.2848275
123054281,35.8914041,-106.2848275
123054286,35.889994,-106.2716022
123054287,35.889994,-106.2716022
123054284,35.889994,-106.2716022
123054285,35.889994,-106.2716022
123054734,35.8914041,-106.2848275
123053837,35.889994,-106.2716022
123054130,35.887598,-106.2703607
123054131,35.887598,-106.2703607
123054132,35.887598,-106.2703607
123054133,35.887598,-106.2703607
123054134,35.887598,-106.2703607
123054135,35.887598,-106.2703607
123054136,35.9037065,-106.2809136
123054137,35.9037065,-106.2809136
123054138,35.9037065,-106.2809136
123053830,35.8891497,-106.2856053
123053353,35.8903308,-106.2849128
123053352,35.8903308,-106.2849128
123054815,35.8914041,-106.2848275
123053833,35.9024043,-106.2753836
123054813,35.8914041,-106.2848275
123054812,35.8914041,-106.2848275
123053281,35.8893221,-106.2839107
123053280,35.8901897,-106.284398
123053852,35.8883638,-106.2791194
123053853,35.8883638,-106.2791194
123053851,35.8914041,-106.2848275
123053320,35.887598,-106.2703607
123053321,35.887598,-106.2703607
123053322,35.8876084,-106.2755161
123053323,35.887598,-106.2703607
123053161,35.9024778,-106.2893408
123053104,35.8914612,-106.2930818
123053105,35.8914612,-106.2930818
123053106,35.8914612,-106.2930818
123053107,35.8914612,-106.2930818
123053100,35.902363,-106.2881259
123053101,35.902363,-106.2881259
123053102,35.902363,-106.2881259
123053103,35.902363,-106.2881259
123053108,35.8914612,-106.2930818
123053109,35.8914612,-106.2930818
123054457,35.902891,-106.2855569
123054456,35.902891,-106.2855569
123054455,35.8906843,-106.2926347
123054454,35.8906843,-106.2926347
123054453,35.8906843,-106.2926347
123054452,35.8906843,-106.2926347
123054451,35.8906843,-106.2926347
123054450,35.8906843,-106.2926347
123054459,35.902891,-106.2855569
123054458,35.902891,-106.2855569
123053816,35.9024043,-106.2753836
123053817,35.9024043,-106.2753836
123053814,35.8879713,-106.2799092
123053815,35.8879713,-106.2799092
123053812,35.8879713,-106.2799092
123053813,35.8879713,-106.2799092
123053810,35.9024043,-106.2753836
123053811,35.9024043,-106.2753836
123053070,35.8883638,-106.2791194
123053071,35.902363,-106.2881259
123053818,35.8980144,-106.2645966
123053819,35.8980144,-106.2645966
123053492,35.9031613,-106.2767286
123053493,35.9031613,-106.2767286
123053490,35.9007687,-106.2727308
123053491,35.9007687,-106.2727308
123053496,35.8894588,-106.273796
123053497,35.8894588,-106.273796
123053494,35.902891,-106.2855569
123053495,35.9031613,-106.2767286
123053498,35.9031613,-106.2767286
123053499,35.8894588,-106.273796
123053650,35.9002269,-106.2845832
123053651,35.9002269,-106.2845832
123053652,35.9002269,-106.2845832
123053653,35.9002269,-106.2845832
123053654,35.8886049,-106.2837816
123053655,35.8886049,-106.2837816
123053656,35.8886049,-106.2837816
123053657,35.9002269,-106.2845832
123053658,35.8886049,-106.2837816
123053659,35.8893221,-106.2839107
123054489,35.8914041,-106.2848275
123053259,35.8950617,-106.2883698
123053255,35.902891,-106.2855569
123053256,35.8894588,-106.273796
123053257,35.8894588,-106.273796
123053251,35.8893221,-106.2839107
123053252,35.8942195,-106.2844731
123054709,35.8906748,-106.2981318
123054708,35.8906748,-106.2981318
123054707,35.8906748,-106.2981318
123054706,35.8906748,-106.2981318
123054705,35.8906748,-106.2981318
123054704,35.8906748,-106.2981318
123054703,35.8906748,-106.2981318
123054702,35.8906748,-106.2981318
123054701,35.8906748,-106.2981318
123054700,35.8906748,-106.2981318
123054256,36.3658793,-105.32825
123054639,35.8954327,-106.2987545
123054638,35.8954327,-106.2987545
123054633,35.8954327,-106.2987545
123054632,35.8954327,-106.2987545
123054631,35.9022845,-106.2956355
123054630,35.9046159,-106.2965196
123054637,35.8954327,-106.2987545
123054636,35.8954327,-106.2987545
123054635,35.8954327,-106.2987545
123054634,35.8954327,-106.2987545
123054145,35.887598,-106.2703607
123054144,35.887598,-106.2703607
123054147,35.887598,-106.2703607
123054146,35.9012174,-106.2691676
123054141,35.9037065,-106.2809136
123054140,35.9037065,-106.2809136
123054143,35.9037065,-106.2809136
123054142,35.9037065,-106.2809136
123054149,35.8894588,-106.273796
123054148,35.8894588,-106.273796
123053820,35.8883638,-106.2791194
123053690,35.9011817,-106.2737838
123053691,35.9011817,-106.2737838
123053718,35.9031153,-106.272034
123053395,35.8954327,-106.2987545
123053394,35.8954327,-106.2987545
123053766,35.8914041,-106.2848275
123053397,35.8954327,-106.2987545
123053711,35.9011817,-106.2737838
123053710,35.9011817,-106.2737838
123053713,35.8879713,-106.2799092
123053712,35.8879713,-106.2799092
123053715,35.8879713,-106.2799092
123053714,35.8879713,-106.2799092
123053717,35.9031153,-106.272034
123053716,35.8980144,-106.2645966
123053719,35.9007687,-106.2727308
123053827,35.8892698,-106.2791596
123053826,35.8901897,-106.284398
123053393,35.8914041,-106.2848275
123053824,35.8901897,-106.284398
123053764,35.8914041,-106.2848275
123053829,35.8891497,-106.2856053
123053828,35.8891497,-106.2856053
123053399,35.8960039,-106.2977745
123053398,35.8954327,-106.2987545
123053765,35.8914041,-106.2848275
123053823,35.8883638,-106.2791194
123053822,35.8883638,-106.2791194
123053821,35.8883638,-106.2791194
123053396,35.8954327,-106.2987545
123053391,35.8899091,-106.2918184
123053390,35.8899091,-106.2918184
123053825,35.8893221,-106.2839107
123053392,35.8914041,-106.2848275
123053767,35.8914041,-106.2848275
123053944,35.8911394,-106.2911464
123053945,35.8911394,-106.2911464
123053762,35.8914041,-106.2848275
123053947,35.8911394,-106.2911464
123053625,35.8942195,-106.2844731
123053624,35.8942195,-106.2844731
123053627,35.8942195,-106.2844731
123053621,35.8942195,-106.2844731
123053620,35.8942195,-106.2844731
123053623,35.8942195,-106.2844731
123053622,35.8942195,-106.2844731
123053629,35.8914041,-106.2848275
123053628,35.8914041,-106.2848275
123054448,35.8906843,-106.2926347
123054449,35.8906843,-106.2926347
123054440,35.8914041,-106.2848275
123054441,35.8914041,-106.2848275
123054442,35.8914041,-106.2848275
123054443,35.8914041,-106.2848275
123054444,35.8903308,-106.2849128
123054445,35.8903308,-106.2849128
123054446,35.8903308,-106.2849128
123054447,35.8903308,-106.2849128
123054710,35.8906748,-106.2981318
123054711,35.8906748,-106.2981318
123054712,35.8961012,-106.2894636
123054713,35.8961012,-106.2894636
123054714,35.8961012,-106.2894636
123054715,35.8961012,-106.2894636
123054716,35.895868,-106.2890605
123054717,35.895868,-106.2890605
123054718,35.895868,-106.2890605
123054719,35.895868,-106.2890605
123054235,35.8894588,-106.273796
123053539,35.8894588,-106.273796
123053538,35.8894588,-106.273796
123053531,35.8894588,-106.273796
123053530,35.8894588,-106.273796
123053533,35.8894588,-106.273796
123053532,35.8894588,-106.273796
123053535,35.8894588,-106.273796
123053534,35.8894588,-106.273796
123053537,35.8894588,-106.273796
123053536,35.8894588,-106.273796
123053232,35.8992877,-106.2704818
123054628,35.9046159,-106.2965196
123054629,35.9046159,-106.2965196
123053545,35.9012174,-106.2691676
123054624,35.9046159,-106.2965196
123054625,35.9046159,-106.2965196
123054626,35.9046159,-106.2965196
123054627,35.9046159,-106.2965196
123054620,35.8892698,-106.2791596
123054621,35.8892698,-106.2791596
123054622,35.8892698,-106.2791596
123054623,35.8892698,-106.2791596
123053547,35.9012174,-106.2691676
123053540,35.887598,-106.2703607
123054156,35.889994,-106.2716022
123054157,35.889994,-106.2716022
123054154,35.887598,-106.2703607
123054155,35.887598,-106.2703607
123054152,35.887598,-106.2703607
123054239,35.8894588,-106.273796
123054150,35.8894588,-106.273796
123054151,35.8894588,-106.273796
123053235,35.9033151,-106.2781477
123054158,35.889994,-106.2716022
123054159,35.889994,-106.2716022
123053689,35.9011817,-106.2737838
123054303,35.889994,-106.2716022
123054302,35.889994,-106.2716022
123054301,35.889994,-106.2716022
123053702,35.8980144,-106.2645966
123053703,35.8980144,-106.2645966
123053700,35.8980144,-106.2645966
123054300,35.889994,-106.2716022
123053706,35.9028167,-106.2733858
123053707,35.9028167,-106.2733858
123053704,35.9031153,-106.272034
123053705,35.9031153,-106.272034
123054307,35.8980144,-106.2645966
123053708,35.8914041,-106.2848275
123053709,35.889994,-106.2716022
123054306,35.8950617,-106.2883698
123054305,35.8992918,-106.2800918
123053838,35.889994,-106.2716022
123053839,35.8898897,-106.2737494
123053388,35.8899091,-106.2918184
123053389,35.8899091,-106.2918184
123053386,35.8911394,-106.2911464
123053835,35.8980144,-106.2645966
123053836,35.889994,-106.2716022
123053385,35.8911394,-106.2911464
123053382,35.8914612,-106.2930818
123053383,35.8914612,-106.2930818
123053832,35.9024043,-106.2753836
123053381,35.8914612,-106.2930818
123054541,35.8897146,-106.2830172
123054540,35.8897146,-106.2830172
123054543,35.8897146,-106.2830172
123054542,35.8897146,-106.2830172
123054545,35.8897146,-106.2830172
123054544,35.8897146,-106.2830172
123054547,35.8897146,-106.2830172
123054546,35.8897146,-106.2830172
123054549,35.8897146,-106.2830172
123054548,35.8897146,-106.2830172
123053636,35.8886049,-106.2837816
123053637,35.8886049,-106.2837816
123053634,35.8942195,-106.2844731
123053635,35.8942195,-106.2844731
123053632,35.8942195,-106.2844731
123053633,35.8942195,-106.2844731
123053630,35.8914041,-106.2848275
123053631,35.8914041,-106.2848275
123053638,35.8886049,-106.2837816
123053639,35.8886049,-106.2837816
123054439,35.8914041,-106.2848275
123054438,35.8914041,-106.2848275
123054435,35.889994,-106.2716022
123054434,35.889994,-106.2716022
123054437,35.8914041,-106.2848275
123054436,35.8914041,-106.2848275
123054431,35.8914041,-106.2848275
123054430,35.8914041,-106.2848275
123054433,35.889994,-106.2716022
123054432,35.889994,-106.2716022
123054097,35.9037065,-106.2809136
123054096,35.902891,-106.2855569
123054095,35.9032016,-106.2945126
123054094,35.9032016,-106.2945126
123054761,35.8892698,-106.2791596
123054760,35.8892698,-106.2791596
123054091,35.9046159,-106.2965196
123054090,35.9022845,-106.2956355
123054769,35.8914041,-106.2848275
123054768,35.8914041,-106.2848275
123054099,35.9037065,-106.2809136
123054098,35.9037065,-106.2809136
123053528,35.8894588,-106.273796
123053529,35.8894588,-106.273796
123053522,35.8894588,-106.273796
123053523,35.8894588,-106.273796
123053520,35.8894588,-106.273796
123053521,35.8894588,-106.273796
123053526,35.8992877,-106.2704818
123053527,35.8992877,-106.2704818
123053524,35.8992877,-106.2704818
123053525,35.8992877,-106.2704818
123054383,35.8980144,-106.2645966
123054382,35.8883638,-106.2791194
123054381,35.8883638,-106.2791194
123054380,35.8892698,-106.2791596
123054387,35.8992918,-106.2800918
123054386,35.8992918,-106.2800918
123054385,35.8992918,-106.2800918
123054384,35.8992918,-106.2800918
123054389,35.8961012,-106.2894636
123054388,35.8961012,-106.2894636
123054169,35.8980144,-106.2645966
123054168,35.8980144,-106.2645966
123054163,35.887598,-106.2703607
123054162,35.887598,-106.2703607
123054161,35.887598,-106.2703607
123054160,35.887598,-106.2703607
123054167,35.8894588,-106.273796
123054166,35.8894588,-106.273796
123054165,35.8894588,-106.273796
123054164,35.8894588,-106.273796
123054369,35.8914041,-106.2848275
123054368,35.8898897,-106.2737494
123054565,35.8897146,-106.2830172
123054361,35.8914041,-106.2848275
123054360,35.8914041,-106.2848275
123054363,35.8914041,-106.2848275
123054362,35.8914041,-106.2848275
123054365,35.8942195,-106.2844731
123054364,35.8942195,-106.2844731
123054367,35.8942195,-106.2844731
123054366,35.8942195,-106.2844731
123054564,35.8897146,-106.2830172
123053779,35.9031613,-106.2767286
123054238,35.887598,-106.2703607
123053550,35.9012174,-106.2691676
123054153,35.8980144,-106.2645966
123054463,35.8903308,-106.2849128
123054536,35.8897146,-106.2830172
123053548,35.9012174,-106.2691676
123053549,35.9012174,-106.2691676
123054469,35.8906843,-106.2926347
123054569,35.8897146,-106.2830172
123053737,35.9031153,-106.272034
123053736,35.9031153,-106.272034
123053735,35.9012174,-106.2691676
123053734,35.9012174,-106.2691676
123053733,35.9012174,-106.2691676
123053732,35.9012174,-106.2691676
123053731,35.9009156,-106.2693308
123053730,35.9012174,-106.2691676
123053739,35.9031153,-106.272034
123053738,35.9031153,-106.272034
123054568,35.8897146,-106.2830172
123053929,35.905449,-106.2923517
123053022,35.902363,-106.2881259
123053025,35.9024778,-106.2893408
123053024,35.9024778,-106.2893408
123053028,35.889994,-106.2716022
123053359,35.887598,-106.2703607
123054553,35.8897146,-106.2830172
123054550,35.8897146,-106.2830172
123054551,35.8897146,-106.2830172
123054556,35.8897146,-106.2830172
123054557,35.8897146,-106.2830172
123054554,35.8897146,-106.2830172
123054555,35.8897146,-106.2830172
123053351,35.8893221,-106.2839107
123053350,35.8942195,-106.2844731
123053601,35.8992918,-106.2800918
123053600,35.8992918,-106.2800918
123053355,35.8903308,-106.2849128
123053354,35.9002269,-106.2845832
123053605,35.8942195,-106.2844731
123053356,35.887598,-106.2703607
123053287,35.8942195,-106.2844731
123053286,35.8942195,-106.2844731
123053285,35.8942195,-106.2844731
123053284,35.8942195,-106.2844731
123053283,35.8893221,-106.2839107
123053282,35.8893221,-106.2839107
123054428,35.8914041,-106.2848275
123054429,35.8914041,-106.2848275
123054426,35.8942195,-106.2844731
123054427,35.8942195,-106.2844731
123054424,35.902363,-106.2881259
123054425,35.902363,-106.2881259
123054422,35.8914041,-106.2848275
123054423,35.8914041,-106.2848275
123053289,35.8893221,-106.2839107
123053288,35.8893221,-106.2839107
123054776,35.8883638,-106.2791194
123054777,35.8903308,-106.2849128
123054774,35.8903308,-106.2849128
123054775,35.8903308,-106.2849128
123054772,35.8903308,-106.2849128
123054773,35.8903308,-106.2849128
123054770,35.8914041,-106.2848275
123054771,35.8914041,-106.2848275
123054778,35.8883638,-106.2791194
123054779,35.8883638,-106.2791194
123053519,35.8898897,-106.2737494
123053518,35.8898897,-106.2737494
123053517,35.8898897,-106.2737494
123053516,35.8898897,-106.2737494
123053515,35.8898897,-106.2737494
123053514,35.8898897,-106.2737494
123053513,35.8898897,-106.2737494
123053512,35.8898897,-106.2737494
123053511,35.8914041,-106.2848275
123053510,35.8914041,-106.2848275
123054394,35.8961012,-106.2894636
123054395,35.8961012,-106.2894636
123054396,35.902363,-106.2881259
123054397,35.902363,-106.2881259
123054390,35.8961012,-106.2894636
123054391,35.8961012,-106.2894636
123054392,35.8961012,-106.2894636
123054393,35.8961012,-106.2894636
123054398,35.902363,-106.2881259
123054399,35.902363,-106.2881259
123054178,35.9012174,-106.2691676
123054179,35.9012174,-106.2691676
123054174,35.8980144,-106.2645966
123054175,35.8980144,-106.2645966
123054176,35.9012174,-106.2691676
123054177,35.9012174,-106.2691676
123054170,35.8980144,-106.2645966
123054171,35.887598,-106.2703607
123054172,35.8980144,-106.2645966
123054173,35.8980144,-106.2645966
123053962,35.8980144,-106.2645966
123054378,35.9023671,-106.2988356
123054379,35.9011817,-106.2737838
123053963,35.8980144,-106.2645966
123054372,35.8914041,-106.2848275
123054373,35.8914041,-106.2848275
123054370,35.8914041,-106.2848275
123054371,35.889994,-106.2716022
123054376,35.9011817,-106.2737838
123054377,35.9011817,-106.2737838
123054374,35.8914041,-106.2848275
123054375,35.8914041,-106.2848275
123053961,35.8980144,-106.2645966
123053966,35.896738,-106.259054
123053619,35.8942195,-106.2844731
123053967,35.896738,-106.259054
123054088,35.9046159,-106.2965196
123054089,35.9046159,-106.2965196
123053964,35.8980144,-106.2645966
123054080,35.9032016,-106.2945126
123054081,35.9032016,-106.2945126
123054082,35.9032016,-106.2945126
123054083,35.9032016,-106.2945126
123054084,35.9032016,-106.2945126
123054085,35.9032016,-106.2945126
123054086,35.9032016,-106.2945126
123054087,35.9022845,-106.2956355
123053481,35.8914041,-106.2848275
123053480,35.8914041,-106.2848275
123054604,35.8876084,-106.2755161
123053482,35.8914041,-106.2848275
123054602,35.8980144,-106.2645966
123054603,35.9032016,-106.2945126
123054600,35.8992704,-106.2720576
123054601,35.8998096,-106.2828358
123053488,35.9007687,-106.2727308
123053615,35.8942195,-106.2844731
123054593,35.8992704,-106.2720576
123054590,35.8992704,-106.2720576
123054591,35.8992704,-106.2720576
123053641,35.8893221,-106.2839107
123053640,35.8893221,-106.2839107
123053610,35.8942195,-106.2844731
123053611,35.8942195,-106.2844731
123054558,35.8897146,-106.2830172
123053612,35.8942195,-106.2844731
123054559,35.8897146,-106.2830172
123053249,35.8950617,-106.2883698
123054268,35.8914041,-106.2848275
123054269,35.8914041,-106.2848275
123053034,35.889994,-106.2716022
123053036,35.9037065,-106.2809136
123053030,35.8954327,-106.2987545
123053031,35.9032016,-106.2945126
123053038,35.894915,-106.295481
123054567,35.8897146,-106.2830172
123054566,35.8897146,-106.2830172
123053348,35.8893221,-106.2839107
123053349,35.8893221,-106.2839107
123054563,35.8897146,-106.2830172
123054562,35.8897146,-106.2830172
123054561,35.8897146,-106.2830172
123054560,35.8897146,-106.2830172
123053614,35.8942195,-106.2844731
123053343,35.8992918,-106.2800918
123053340,35.8992918,-106.2800918
123053341,35.8992918,-106.2800918
123053346,35.8886049,-106.2837816
123053347,35.8886049,-106.2837816
123053344,35.8886049,-106.2837816
123053345,35.8886049,-106.2837816
123053298,35.8893221,-106.2839107
123053299,35.8893221,-106.2839107
123053290,35.8893221,-106.2839107
123053291,35.8893221,-106.2839107
123053292,35.9032016,-106.2945126
123053293,35.9032016,-106.2945126
123053294,35.9032016,-106.2945126
123053295,35.9032016,-106.2945126
123053296,35.8893221,-106.2839107
123053297,35.8893221,-106.2839107
123054413,35.902363,-106.2881259
123054412,35.902363,-106.2881259
123054411,35.8914041,-106.2848275
123054410,35.8914041,-106.2848275
123054417,35.8914041,-106.2848275
123054416,35.8914041,-106.2848275
123054415,35.902363,-106.2881259
123054414,35.902363,-106.2881259
123053720,35.9011817,-106.2737838
123053721,35.9011817,-106.2737838
123054419,35.8914041,-106.2848275
123054418,35.8914041,-106.2848275
123053724,35.9031153,-106.272034
123053725,35.9028167,-106.2733858
123053726,35.9028167,-106.2733858
123053727,35.9031153,-106.272034
123054047,35.8980144,-106.2645966
123054040,35.8980144,-106.2645966
123054041,35.8980144,-106.2645966
123053500,35.889994,-106.2716022
123053501,35.889994,-106.2716022
123053503,35.889994,-106.2716022
123053504,35.9007687,-106.2727308
123053505,35.9007687,-106.2727308
123053506,35.9007687,-106.2727308
123053507,35.9007687,-106.2727308
123053508,35.8898897,-106.2737494
123053509,35.8914041,-106.2848275
123054735,35.8914041,-106.2848275
123053418,35.8914526,-106.2974404
123053419,35.8914526,-106.2974404
123054181,35.8894588,-106.273796
123054180,35.8894588,-106.273796
123054183,35.8894588,-106.273796
123054182,35.8894588,-106.273796
123054185,35.8980144,-106.2645966
123054184,35.8980144,-106.2645966
123054187,35.8980144,-106.2645966
123054186,35.8980144,-106.2645966
123054189,35.8980144,-106.2645966
123054188,35.8980144,-106.2645966
123054349,35.8992918,-106.2800918
123054348,35.8992918,-106.2800918
123054347,35.8954327,-106.2987545
123054346,35.8992918,-106.2800918
123054345,35.8960913,-106.2968243
123054344,35.8961012,-106.2894636
123054343,35.8961012,-106.2894636
123054342,35.8961012,-106.2894636
123054341,35.8961012,-106.2894636
123054340,35.8961012,-106.2894636
123054046,35.8980144,-106.2645966
123053417,35.9012174,-106.2691676
123054749,35.8892698,-106.2791596
123054748,35.8892698,-106.2791596
123054743,35.8914041,-106.2848275
123054742,35.8914041,-106.2848275
123054741,35.8914041,-106.2848275
123054740,35.8914041,-106.2848275
123054747,35.8914041,-106.2848275
123054746,35.8914041,-106.2848275
123054745,35.8914041,-106.2848275
123054744,35.8914041,-106.2848275
123054319,35.889994,-106.2716022
123053146,35.9022845,-106.2956355
123053751,35.9031153,-106.272034
123053750,35.902891,-106.2855569
123053380,35.8914612,-106.2930818
123053606,35.8942195,-106.2844731
123053993,35.8980144,-106.2645966
123053992,35.8980144,-106.2645966
123053991,35.889994,-106.2716022
123053990,35.889994,-106.2716022
123053997,35.887598,-106.2703607
123053996,35.887598,-106.2703607
123053995,35.8980144,-106.2645966
123053994,35.8980144,-106.2645966
123053999,35.887598,-106.2703607
123053998,35.887598,-106.2703607
123054317,35.889994,-106.2716022
123053597,35.8987274,-106.2812334
123053199,35.8894588,-106.273796
123053198,35.8894588,-106.273796
123053604,35.8942195,-106.2844731
123053596,35.8987274,-106.2812334
123053193,35.887598,-106.2703607
123053192,35.887598,-106.2703607
123053191,35.8883049,-106.2689728
123053190,35.8883049,-106.2689728
123053197,35.8894588,-106.273796
123053196,35.8894588,-106.273796
123053195,35.887598,-106.2703607
123053194,35.887598,-106.2703607
123053266,35.8901897,-106.284398
123054139,35.9037065,-106.2809136
123053261,35.8914041,-106.2848275
123053592,35.8984384,-106.279171
123053263,35.8914041,-106.2848275
123053262,35.8914041,-106.2848275
123053342,35.8992918,-106.2800918
123054485,35.8914041,-106.2848275
123053616,35.8942195,-106.2844731
123053617,35.8942195,-106.2844731
123053379,35.8919766,-106.2938161
123053378,35.8919766,-106.2938161
123053377,35.8919766,-106.2938161
123053376,35.8919766,-106.2938161
123053375,35.8924691,-106.2856409
123053374,35.8879713,-106.2799092
123053373,35.8924691,-106.2856409
123053372,35.8924691,-106.2856409
123053371,35.9046159,-106.2965196
123053370,35.9046159,-106.2965196
123054482,35.8950617,-106.2883698
123053613,35.8942195,-106.2844731
123054404,35.8914041,-106.2848275
123054405,35.8914041,-106.2848275
123054406,35.8914041,-106.2848275
123054407,35.8914041,-106.2848275
123054400,35.8914041,-106.2848275
123054401,35.8914041,-106.2848275
123054313,35.8894588,-106.273796
123054403,35.8914041,-106.2848275
123053755,35.9024367,-106.2698068
123053754,35.9031153,-106.272034
123053757,35.9031613,-106.2767286
123053756,35.9031153,-106.272034
123054408,35.8914041,-106.2848275
123054409,35.8914041,-106.2848275
123053753,35.9031153,-106.272034
123053752,35.9024367,-106.2698068
123053575,35.8942195,-106.2844731
123053574,35.8942195,-106.2844731
123053577,35.8942195,-106.2844731
123053576,35.8942195,-106.2844731
123053571,35.8942195,-106.2844731
123053570,35.8942195,-106.2844731
123053573,35.8942195,-106.2844731
123053572,35.8942195,-106.2844731
123053579,35.8942195,-106.2844731
123053578,35.8942195,-106.2844731
123054578,35.9031153,-106.272034
123054579,35.9031153,-106.272034
123054570,35.8897146,-106.2830172
123054571,35.8897146,-106.2830172
123054572,35.8897146,-106.2830172
123054573,35.8897146,-106.2830172
123054574,35.8897146,-106.2830172
123054575,35.8897146,-106.2830172
123054576,35.9031153,-106.272034
123054577,35.9031153,-106.272034
123054190,35.8980144,-106.2645966
123054191,35.8980144,-106.2645966
123054196,35.8898897,-106.2737494
123054197,35.8898897,-106.2737494
123054194,35.9024778,-106.2893408
123054198,35.8898897,-106.2737494
123054199,35.8898897,-106.2737494
123054350,35.8992918,-106.2800918
123053408,35.8914526,-106.2974404
123054352,35.8914041,-106.2848275
123054353,35.8914041,-106.2848275
123054354,35.8914041,-106.2848275
123054356,35.8942195,-106.2844731
123054357,35.8942195,-106.2844731
123054358,35.8942195,-106.2844731
123053400,35.8879713,-106.2799092
123053403,35.902891,-106.2855569
123053402,35.902891,-106.2855569
123053405,35.8911394,-106.2911464
123053404,35.8911394,-106.2911464
123053407,35.8911394,-106.2911464
123053406,35.8911394,-106.2911464
123054758,35.9031613,-106.2767286
123054759,35.9031613,-106.2767286
123054754,35.8892698,-106.2791596
123054755,35.8892698,-106.2791596
123054756,35.9031613,-106.2767286
123054757,35.9031613,-106.2767286
123054750,35.8892698,-106.2791596
123054751,35.8892698,-106.2791596
123054752,35.8892698,-106.2791596
123054753,35.8892698,-106.2791596
123053728,35.9009156,-106.2693308
123053729,35.9012174,-106.2691676
123054050,35.9027057,-106.2821941
123053869,35.9023671,-106.2988356
123053868,35.9023671,-106.2988356
123054057,35.887598,-106.2703607
123053722,35.9011817,-106.2737838
123053688,35.9011817,-106.2737838
123054056,35.887598,-106.2703607
123054662,35.8879713,-106.2799092
123053468,35.9015527,-106.2870599
123054668,35.8942195,-106.2844731
123054669,35.902363,-106.2881259
123053723,35.9011817,-106.2737838
123053984,35.8980144,-106.2645966
123053985,35.8980144,-106.2645966
123053986,35.8980144,-106.2645966
123053987,35.8980144,-106.2645966
123053980,35.896972,-106.260013
123053981,35.896972,-106.260013
123053982,35.896972,-106.260013
123053983,35.896972,-106.260013
123053988,35.889994,-106.2716022
123053989,35.889994,-106.2716022
123053188,35.889994,-106.2716022
123053189,35.889994,-106.2716022
123053184,35.8883049,-106.2689728
123053185,35.8883049,-106.2689728
123053186,35.8883049,-106.2689728
123053187,35.8883049,-106.2689728
123053180,35.8914612,-106.2930818
123053181,35.8906843,-106.2926347
123053182,35.8906843,-106.2926347
123053183,35.8906843,-106.2926347
123053360,35.8914526,-106.2974404
123053361,35.8914526,-106.2974404
123053362,35.8914526,-106.2974404
123053363,35.8942195,-106.2844731
123053364,35.8884757,-106.2822427
123053365,35.8884757,-106.2822427
123053366,35.8884757,-106.2822427
123053367,35.8884757,-106.2822427
123053368,35.9046159,-106.2965196
123053369,35.9046159,-106.2965196
123054421,35.8914041,-106.2848275
123053968,35.8980144,-106.2645966
123053969,35.8980144,-106.2645966
123053748,35.9028167,-106.2733858
123053749,35.9028167,-106.2733858
123053746,35.9031153,-106.272034
123053747,35.902891,-106.2855569
123053744,35.9031153,-106.272034
123053745,35.902891,-106.2855569
123053742,35.9031153,-106.272034
123053743,35.9011817,-106.2737838
123053740,35.9011817,-106.2737838
123053741,35.9011817,-106.2737838
123054211,35.8898897,-106.2737494
123054210,35.8898897,-106.2737494
123054213,35.9031153,-106.272034
123054212,35.8894588,-106.273796
123054215,35.8894588,-106.273796
123054214,35.8894588,-106.273796
123054217,35.8883638,-106.2791194
123054216,35.8883638,-106.2791194
123054219,35.8883638,-106.2791194
123054218,35.8883638,-106.2791194
123054488,35.8924691,-106.2856409
123053566,35.9012174,-106.2691676
123053567,35.9007687,-106.2727308
123053564,35.9012174,-106.2691676
123053565,35.9031153,-106.272034
123053562,35.889994,-106.2716022
123053563,35.889994,-106.2716022
123053560,35.889994,-106.2716022
123053561,35.889994,-106.2716022
123053568,35.8942195,-106.2844731
123053569,35.8942195,-106.2844731
123054699,35.895868,-106.2890605
123054698,35.8964112,-106.2883469
123054695,35.895868,-106.2890605
123054694,35.895868,-106.2890605
123054697,35.8964112,-106.2883469
123054696,35.895868,-106.2890605
123054691,35.8879713,-106.2799092
123054690,35.8879713,-106.2799092
123054693,35.895868,-106.2890605
123054692,35.895868,-106.2890605
123054509,35.8893221,-106.2839107
123054508,35.8893221,-106.2839107
123054505,35.9015527,-106.2870599
123054504,35.9015527,-106.2870599
123054507,35.9015527,-106.2870599
123054506,35.9015527,-106.2870599
123054501,35.8893221,-106.2839107
123054500,35.8893221,-106.2839107
123054503,35.8893221,-106.2839107
123054502,35.8893221,-106.2839107
123054325,35.8992918,-106.2800918
123054324,35.902891,-106.2855569
123054327,35.8914526,-106.2974404
123054326,35.8879713,-106.2799092
123054320,35.8950617,-106.2883698
123054322,35.8943893,-106.2964084
123053412,35.8914526,-106.2974404
123053413,35.8914526,-106.2974404
123053410,35.8914526,-106.2974404
123053411,35.8914526,-106.2974404
123053416,35.8914526,-106.2974404
123054328,35.9028167,-106.2733858
123053414,35.8914526,-106.2974404
123053415,35.8914526,-106.2974404
123054039,35.8980144,-106.2645966
123054038,35.8980144,-106.2645966
123054031,35.8980144,-106.2645966
123054030,35.8980144,-106.2645966
123054033,35.8876084,-106.2755161
123054032,35.8876084,-106.2755161
123054035,35.8876084,-106.2755161
123054034,35.8876084,-106.2755161
123054037,35.8980144,-106.2645966
123054036,35.8980144,-106.2645966
123053701,35.8980144,-106.2645966
123054480,35.8924691,-106.2856409
123054481,35.8924691,-106.2856409
